汤正义,主任医师,门诊内分泌,上海交通大学医学院附属瑞金医院,10.0,9172,擅长：糖尿病血糖控制与疑难并发症的诊治，甲状腺、肾上腺...,￥300,None,https://www.guahao.com/expert/e68792d2-7825-45f0-beb9-f3fa0daded69000
张海鹏,主治医师,呼吸科,上海交通大学医学院附属瑞金医院,10.0,3631,擅长：呼吸道疾病例如上呼吸道感染，各类肺炎，COPD，...,￥48,￥60,https://www.guahao.com/expert/9b7c9b28-4241-4389-8e4f-3852baa4cce0000
蒋卫民,主任医师,感染发热,上海交通大学医学院附属瑞金医院,9.9,7030,擅长：各种病毒性肝炎、肝功能异常、各种发热性疾病、寄生...,￥300,￥500,https://www.guahao.com/expert/126708937434672000
施光峰,主任医师,感染发热,上海交通大学医学院附属瑞金医院,9.6,1512,擅长：各种感染病的诊治，尤其擅长慢乙肝、慢丙肝、脂肪肝...,￥598,￥598,https://www.guahao.com/expert/96579c4e-c720-11e1-913c-5cf9dd2e7135000
程蕾蕾,主任医师,国际医疗部（医学院路111号门诊21号楼6/7楼）,上海交通大学医学院附属瑞金医院,9.9,2971,擅长：关注恶性肿瘤患者放疗、化疗、靶向及免疫治疗过程中...,￥500,None,https://www.guahao.com/expert/ec8554aa-81b1-48d8-8c5f-dacd43eda932000
高瑞通,主任医师,肾内科,上海交通大学医学院附属瑞金医院,10.0,515,擅长：各种原发和继发性肾小球疾病、肾血管疾病及急、慢性...,￥700,￥1200,https://www.guahao.com/expert/231057bf-7bab-4d00-8b41-88bc4a40b3b3000
舒慧君,主任医师,消化内科,上海交通大学医学院附属瑞金医院,10.0,1006,擅长：消化系统常见病，自身免疫性肝病，自身免疫性胰腺炎...,￥500,￥1000,https://www.guahao.com/expert/2e4e67c1-214d-48c4-80e9-10a940553764000
张德新,主任医师,消化内科,上海交通大学医学院附属瑞金医院,9.9,5102,擅长：各种食管、胃、肠道疾病。包括胃食管反流病，消化不...,￥120,暂无排班,https://www.guahao.com/expert/952d2a14-c720-11e1-913c-5cf9dd2e7135000
杨虹波,副主任医师,心内科,上海交通大学医学院附属瑞金医院,10.0,2323,擅长：擅长动脉硬化、心绞痛、冠心病、高血压、高血脂、早...,￥130,￥249,https://www.guahao.com/expert/ffe6ac2a-503c-4b87-a85c-3aabb9ac87db000
田秦杰,主任医师,妇科内分泌,上海交通大学医学院附属瑞金医院,9.9,669,擅长：妇科内分泌专业，包括外生殖器畸形、性发育异常、性...,￥800,￥1200,https://www.guahao.com/expert/424c286b-49d3-4df3-ba9a-c64ab60df2cd000
赵耀中,主任医师,淋巴瘤诊疗中心,上海交通大学医学院附属瑞金医院,10.0,2735,擅长：各类血液病的诊断与治疗，尤其擅长各类淋巴系统血液...,￥200,￥500,https://www.guahao.com/expert/96aba5ac-c720-11e1-913c-5cf9dd2e7135000
姜立,主任医师,胆胰外科,上海交通大学医学院附属瑞金医院,10.0,6123,擅长：各类肝脏、胆道及胰腺手术及相关的微创治疗，以及各...,￥29,￥200,https://www.guahao.com/expert/7ab8fd2a-e177-46e9-badd-20bd836219cb000
汪涛,主任医师,呼吸与危重症医学科,上海交通大学医学院附属瑞金医院,10.0,4780,擅长：肺癌，肺结节的介入消融治疗，气道狭窄，气道瘘治疗...,￥120,暂无排班,https://www.guahao.com/expert/e5669311-a83c-4047-a3f6-54401e481b12000
孟馨,主任医师,内分泌科,上海交通大学医学院附属瑞金医院,10.0,606,擅长：糖尿病及并发症的诊治、甲状腺疾病诊治等。,￥89,None,https://www.guahao.com/expert/49bdf6b3-4b78-43b9-b813-3b1f51873205000
张峰,主任医师,心内科高级专家门诊,上海交通大学医学院附属瑞金医院,10.0,12493,擅长：冠心病、高血压、高血脂、心律失常等心血管疾病诊治,￥388,￥888,https://www.guahao.com/expert/7618dd93-dc05-4120-9c61-f2f53635424c000
潘洁敏,主任医师,内分泌代谢科,上海交通大学医学院附属瑞金医院,10.0,1450,擅长：肥胖及代谢综合征的综合管理，糖尿病及甲状腺疾病治...,￥150,￥200,https://www.guahao.com/expert/3195b718-7557-4603-a21e-8a59f7cf70d3000
王倩倩,主治医师,皮肤科,复旦大学附属华山医院,10.0,41954,擅长：痤疮，白癜风，特异性皮炎，湿疹，荨麻疹，药物性皮...,￥59,￥150,https://www.guahao.com/expert/d804b838-fd43-4562-b271-63e006645f60000
秦宇,主治医师,妇科,复旦大学附属华山医院,10.0,27330,擅长：妇科：阴道分泌物异常、阴道出血、阴道炎、盆腔炎、...,￥19.9,￥50,https://www.guahao.com/expert/1e6f3a7a-2b74-41b8-a9fd-2974d7e8b47d000
李晓光,主任医师,神经科,复旦大学附属华山医院,9.9,287,擅长：肌萎缩侧索硬化及其他神经系统退行性疾病（如老年痴...,￥999,￥1999,https://www.guahao.com/expert/97a863b4-c720-11e1-913c-5cf9dd2e7135000
温华,主任医师,呼吸内科,复旦大学附属华山医院,10.0,399,擅长：急性上呼吸道感染、慢阻肺、支气管哮喘、支气管扩张...,￥77,￥150,https://www.guahao.com/expert/26a4c49b-4e43-4990-8b48-b11d238e46f0000
王晓黎,主任医师,内分泌科,复旦大学附属华山医院,10.0,2609,擅长：内分泌系统疾病诊治，包括各种类型糖尿病，甲状腺疾...,￥200,￥199,https://www.guahao.com/expert/5addb7be-ffa6-44c0-9802-284198e8ef53000
杨帆,主任医师,感染门诊,复旦大学附属华山医院,9.4,233,擅长：各类细菌、真菌感染诊治，抗菌药物合理应用。,￥800,￥2000,https://www.guahao.com/expert/DD5E1CC4E12C1016E0400A0AC8642080000
王朵勤,主治医师,皮肤科,复旦大学附属华山医院,10.0,37675,擅长：湿疹，特应性皮炎，荨麻疹，结节性痒疹，慢性瘙痒，...,￥98,￥200,https://www.guahao.com/expert/dcd48e5e-12ca-4656-9051-7cdf87170bea000
杨隽钧,主任医师,妇科,复旦大学附属华山医院,10.0,2625,擅长：妇科良、恶性肿瘤，包括子宫肌瘤，子宫内膜异位症，...,未开通,￥600,https://www.guahao.com/expert/97a31d09-c720-11e1-913c-5cf9dd2e7135000
宋雷,主任医师,心内科,复旦大学附属华山医院,10.0,302,擅长：冠心病及冠脉介入治疗，冠状动脉内影像及生理学，左...,￥399,￥1992,https://www.guahao.com/expert/857e6086-c4a8-49ed-a30e-ec42fa8c77a3000
丛琳,主任医师,骨科,复旦大学附属华山医院,10.0,1820,擅长：诊疗范围：脊柱侧后凸畸形；颈椎病、胸/腰椎间盘突...,￥99,￥299,https://www.guahao.com/expert/576d59ee-b5b3-40ae-bb97-9f41375dccb6000
王月华,主任医师,皮肤科,复旦大学附属华山医院,9.7,7296,擅长：具丰富的专业知识和临床经验，擅长各种类型的痤疮、...,￥280,￥300,https://www.guahao.com/expert/220a95e6-b95b-49aa-9c1d-9a250ff18b0d000
李敏,主任医师,心内科,复旦大学附属华山医院,10.0,1586,擅长：心内科类常见疾病，冠心病，心律失常，房颤，房早，...,￥200,￥500,https://www.guahao.com/expert/13a10553-a36c-48d5-9348-4b15c5f5f464000
杨勤萍,主任医师,皮肤科,复旦大学附属华山医院,9.6,10273,擅长：脱发、痤疮、白癜风、银屑病、黄褐斑、湿疹、鱼鳞病...,￥258,￥600,https://www.guahao.com/expert/96add7e2-c720-11e1-913c-5cf9dd2e7135000
李川,主治医师,胸外科,复旦大学附属华山医院,10.0,80,擅长：胸外科疾病的诊治，肺结节全程管理，特别是肺结节良...,￥39,None,https://www.guahao.com/expert/a7db394b-85f7-433b-85fb-c9330f8f9d33000
朱小华,副主任医师,皮肤科,复旦大学附属华山医院,10.0,42292,擅长：痤疮、湿疹、荨麻疹、银屑病、脱发、白癜风、红斑狼...,￥150,￥500,https://www.guahao.com/expert/78638dd3-c0a6-4948-8f76-3644bd21e054000
胡恒龙,副主任医师,泌尿外科,复旦大学附属华山医院,10.0,1799,擅长：擅长诊治肾结石、膀胱肿瘤、肾肿瘤、肾上腺肿瘤、输...,￥30,￥80,https://www.guahao.com/expert/8bdced87-46df-424c-bda4-b4963c6d87d9000
王金泉,主任医师,肾内科,南京大学医学院附属金陵医院（东部战区总医院）,10.0,3083,擅长：IgA肾病的诊断与治疗；慢性肾小球肾炎的诊治；肾...,￥200,￥300,https://www.guahao.com/expert/6dfd247a-85df-48db-bd04-c985f30f991e000
吕思奇,主治医师,心内科,南京大学医学院附属金陵医院（东部战区总医院）,10.0,353,擅长：高血压、高脂血症、冠心病(心肌梗死、心绞痛)、心...,￥159,￥219,https://www.guahao.com/expert/ef06a7a9-2303-4f3b-86ee-17613711d6da000
邹世恩,主任医师,(黄)生殖内分泌科特需门诊A,南京大学医学院附属金陵医院（东部战区总医院）,10.0,5893,擅长：子宫肌瘤、卵巢囊肿、子宫腺肌病、宫颈癌、内膜癌等...,￥349,￥599,https://www.guahao.com/expert/78c1605a-0e02-46e5-9752-67d2edf90169000
李凯,副主任医师,消化内科,南京大学医学院附属金陵医院（东部战区总医院）,10.0,4247,擅长：肝硬化，肝癌，消化道出血，腹水，病毒性肝炎等慢性...,￥80,￥180,https://www.guahao.com/expert/505c8bfe-44c6-430f-a9b6-e7ea9539d463000
邱伟华,主任医师,普外科,南京大学医学院附属金陵医院（东部战区总医院）,10.0,10604,擅长：主要擅长消化道肿瘤、疑难复杂性甲状腺肿瘤综合治疗...,￥200,￥350,https://www.guahao.com/expert/698c6a85-fcd1-4c4d-a5db-3b5517066df6000
陆福明,主任医师,肾内科,南京大学医学院附属金陵医院（东部战区总医院）,9.8,3635,擅长：各种肾炎如IgA肾炎、膜性肾病、狼疮性肾炎治疗。...,￥298,￥498,https://www.guahao.com/expert/126708616587455000
蒋子栋,主任医师,耳鼻喉科,南京大学医学院附属金陵医院（东部战区总医院）,10.0,1109,擅长：眩晕，头晕，梅尼埃病，耳石症，前庭神经炎，突聋、...,￥300,￥500,https://www.guahao.com/expert/6e1ef950-41ca-4f07-b0ef-51c304d9e3ea000
杨永生,副主任医师,皮肤科,南京大学医学院附属金陵医院（东部战区总医院）,9.9,7267,擅长：主要擅长痤疮的综合治疗、银屑病以及荨麻疹、湿疹、...,￥150,￥500,https://www.guahao.com/expert/e7cb9268-77ca-442b-9e37-aee0a5030870000
刘亮,主任医师,普外科,南京大学医学院附属金陵医院（东部战区总医院）,9.9,932,擅长：胰腺良恶性肿瘤，胰腺神经内分泌肿瘤，胆道下段肿瘤...,￥400,暂无排班,https://www.guahao.com/expert/4c6e88e5-018c-45e7-ba2b-cc8b9c9fc227000
张成锋,主任医师,皮肤科,南京大学医学院附属金陵医院（东部战区总医院）,9.9,1139,擅长：色素障碍性皮肤病（如白癜风，各种色素斑），皮肤美...,￥599,None,https://www.guahao.com/expert/281315e1-2d05-447a-be34-1c6431bbf71b000
沈珠军,主任医师,心内科,南京大学医学院附属金陵医院（东部战区总医院）,10.0,282,擅长：冠心病介入治疗，高血压、高脂血症等心血管疾病诊治...,￥600,None,https://www.guahao.com/expert/23592900-192c-4d7b-a91c-a3ca78a8ab0f000
万希润,主任医师,妇科,南京大学医学院附属金陵医院（东部战区总医院）,9.8,76,擅长：妇科良、恶性肿瘤（如子宫肌瘤、子宫内膜异位症、卵...,￥999,None,https://www.guahao.com/expert/d458f15f-8757-4bfa-b183-e543d5bd31f7000
张鑫,主治医师,肾内科,南京大学医学院附属金陵医院（东部战区总医院）,10.0,602,擅长：慢性肾脏病、肾小球肾炎、单克隆免疫球蛋白相关肾损...,￥60,￥150,https://www.guahao.com/expert/bca20aa8-fe06-4577-a341-43b2ede861a5000
陈彪,副主任医师,妇科,南京大学医学院附属金陵医院（东部战区总医院）,10.0,129,擅长：产后盆底功能恢复和子宫脱垂、阴道前后壁膨出、压力...,￥39,None,https://www.guahao.com/expert/b2085935-d6fb-46bb-87af-16e479411a1e000
郭涛,主任医师,消化内科,南京大学医学院附属金陵医院（东部战区总医院）,10.0,290,擅长：早期胃癌，幽门螺杆菌感染，胰腺疾病，结肠息肉，炎...,￥500,暂无排班,https://www.guahao.com/expert/b4c4e6a6-7318-4c86-b5e1-0d5f282a7485000
陆浩,主任医师,心内科,南京大学医学院附属金陵医院（东部战区总医院）,10.0,1877,擅长：冠心病的介入治疗,￥368,暂无排班,https://www.guahao.com/expert/c99bb28b-b298-42c1-a0b5-a2325ea2497d000
张志勇,主任医师,放射诊断科高级专家门诊,复旦大学附属中山医院,9.9,437,擅长：胸部疾病影像诊断，特别是肺小结节诊断及感染性疾病...,￥600,None,https://www.guahao.com/expert/125810119927538000
刘彤,主任医师,心内科,复旦大学附属中山医院,10.0,2989,擅长：心力衰竭，心肌病，冠心病，高血压，心律失常。,￥500,￥1000,https://www.guahao.com/expert/9757a718-c720-11e1-913c-5cf9dd2e7135000
赵峻,主任医师,妇科,复旦大学附属中山医院,10.0,99,擅长：妇科各种常见病、葡萄胎（尤其是重复性葡萄胎）、滋...,未开通,None,https://www.guahao.com/expert/961842ad-c720-11e1-913c-5cf9dd2e7135000
彭再梅,主任医师,呼吸内科门诊,复旦大学附属中山医院,9.9,826,擅长：肺部结节、肺炎、肺肿瘤、支气管哮喘及慢性阻塞性肺...,￥168,￥500,https://www.guahao.com/expert/30e92fc0-d1e1-4152-a593-1d6a37f41ff5000
沈迎,主任医师,心血管内科,复旦大学附属中山医院,10.0,1983,擅长：动脉硬化，冠心病，高血脂，颈动脉斑块，心律失常（...,￥600,None,https://www.guahao.com/expert/eaef1f5e-811d-410e-8186-6af00a5b7959000
王宏羽,主任医师,肿瘤内科,复旦大学附属中山医院,10.0,713,擅长：肺癌的内科治疗，肺癌术后的辅助化疗，ⅢA，N2淋...,￥800,￥1000,https://www.guahao.com/expert/36f5c1da-9101-41ce-b450-f4501469fb37000
王作鹏,副主任医师,普外科,复旦大学附属中山医院,10.0,3603,擅长：儿童血管瘤及脉管畸形的的诊断和综合治疗，普外科、...,￥80,￥200,https://www.guahao.com/expert/2fd068ce-b1a0-4e54-9e82-70060d0e5f7b000
史宏晖,主任医师,妇科,复旦大学附属中山医院,9.9,210,擅长：妇科疾病，宫颈病变及宫颈癌，外阴疾病，卵巢良恶性...,￥499,￥599,https://www.guahao.com/expert/deb7a1ec-97da-4c2d-a404-900b55835c46000
黄庆,副主任医师,眼科,复旦大学附属中山医院,10.0,1268,擅长：青少年和儿童近视，结膜炎，角膜炎，麦粒肿，霰粒肿...,￥59,暂无排班,https://www.guahao.com/expert/3e715e52-3c0b-4c2e-ae0c-2200a6a17cca000
吴金峰,主治医师,皮肤科,复旦大学附属中山医院,10.0,6627,擅长：擅长采用中医与西医相结合，辨证与辨病相结合，分型...,￥69,暂无排班,https://www.guahao.com/expert/62601200-e5ab-41f7-99c1-f3ea8d4b0920000
曹德宏,副主任医师,泌尿外科,复旦大学附属中山医院,10.0,2035,擅长：前列腺疾病（前列腺增生，前列腺炎，前列腺癌等）、...,￥40,暂无排班,https://www.guahao.com/expert/ee12f8c5-a891-4e8a-a5c5-69e716dc16c0000
周华,主任医师,骨科门诊,复旦大学附属中山医院,10.0,288,擅长：专长脊柱肿瘤，开放和微创治疗脊髓型神经根型颈椎病...,￥500,￥900,https://www.guahao.com/expert/7607d6ea-7961-4fef-9038-9ce7d77cf378000
徐潮,主任医师,内分泌科,复旦大学附属中山医院,10.0,3146,擅长：遗传代谢性疾病，疑难罕见病，糖尿病，甲状腺疾病，...,￥60,￥200,https://www.guahao.com/expert/e1393e8c-a87c-49f5-92bc-27a484a38f31000
李晓斌,副主任医师,基本外科,复旦大学附属中山医院,10.0,252,擅长：甲状腺和甲状旁腺疾病、各种疝、胃肠肿瘤、胰腺疾病...,￥200,None,https://www.guahao.com/expert/9667f1c5-c720-11e1-913c-5cf9dd2e7135000
宁铂涛,主任医师,儿内科,复旦大学附属中山医院,10.0,5126,擅长：儿内科疾病如：长新冠感染后并发症、感染性疾病（肺...,￥300,￥500,https://www.guahao.com/expert/aef7ea97-398d-45c7-8879-4711ac396c46000
吴斌,主治医师,神经内科,复旦大学附属中山医院,10.0,352,擅长：神经内科的相关疾病,￥188,暂无排班,https://www.guahao.com/expert/8c95f299-ac27-493a-bbc5-c37dc668c340000
严昉,主治医师,皮肤科,复旦大学附属华山医院,10.0,2916,擅长：各种常见皮肤病：皮炎、湿疹、痤疮、特应性皮炎、银...,￥88,暂无排班,https://www.guahao.com/expert/416d594f-c61f-40ce-8acb-97f9a8140998000
徐辉雄,主任医师,超声诊断科高级专家门诊,复旦大学附属华山医院,9.9,646,擅长：腹部及浅表器官超声诊断及介入治疗,￥100,￥300,https://www.guahao.com/expert/b38334df-7cfb-4caa-b4b8-7484c5435e3c000
赵可庆,主任医师,耳鼻喉科,复旦大学附属华山医院,10.0,5819,擅长：鼻炎、鼻窦炎、鼻中隔偏曲、鼻窦囊肿、鼻窦霉菌、小...,￥230,None,https://www.guahao.com/expert/7c45e28e-b590-4e82-9228-368c65a4241a000
过常发,主任医师,心外科,复旦大学附属华山医院,9.9,386,擅长：房颤的微创外科治疗;微创瓣膜性疾病(二尖瓣、三...,￥200,￥500,https://www.guahao.com/expert/bbce30e8-bfa8-423d-b885-b81821425438000
谢明,主任医师,耳鼻喉科,复旦大学附属华山医院,9.7,1146,擅长：咽喉和颈部疾病诊治。主攻声带息肉、白斑、喉癌、下...,￥150,None,https://www.guahao.com/expert/ba580482-2359-400d-bd9b-d6d60088efe1000
毛仁玲,主任医师,神经外科,复旦大学附属华山医院,9.9,4207,擅长：从事脑外科工作40年，医治脑外科各种疾病的诊断、...,￥130,暂无排班,https://www.guahao.com/expert/125619212203503000
王聪,副主任医师,普外科,复旦大学附属华山医院,10.0,1472,擅长：甲状腺及甲状腺旁腺相关疾病，颈部无疤痕的甲状腺腔...,￥100,暂无排班,https://www.guahao.com/expert/9598d983-ea37-4314-b136-534a648541ae000
戎叶飞,主任医师,普外科,复旦大学附属华山医院,9.9,125,擅长：普外科疾病诊治，甲状腺肿瘤，胃肠道肿瘤、胰腺肿瘤...,￥200,None,https://www.guahao.com/expert/674a9ef5-cc63-492e-a7e2-f0029024e64c000
乔亮,主任医师,门诊烧伤整形,复旦大学附属华山医院,10.0,164,"擅长：烧伤创面处理,难愈创面处理,疤痕预防和治疗",￥128,￥300,https://www.guahao.com/expert/094dd1e8-0e8b-4692-8f25-00f2e93a5f77000
刘含秋,主任医师,放射科,复旦大学附属华山医院,10.0,116,擅长：具有20余年的中枢神经系统、呼吸系统、消化系统、...,￥329,￥200,https://www.guahao.com/expert/dcff5008-d752-4ca7-beba-a3384dc50f56000
凌雁,主任医师,内分泌科高级专家门诊,复旦大学附属华山医院,9.9,1326,擅长：内分泌代谢疾病的诊治，尤其擅长甲状腺结节、甲亢、...,￥500,None,https://www.guahao.com/expert/ef1e3247-7c44-495a-a94b-2bb7b7c46f5a000
曹克坚,主任医师,外科,复旦大学附属华山医院,9.9,1628,擅长：肺部肿瘤、食管、纵隔和胸壁肿瘤根治性手术和综合治...,￥500,None,https://www.guahao.com/expert/389f4fc4-e999-4480-b18d-a931f50ad248000
邢嬛,主任医师,皮肤科,复旦大学附属华山医院,10.0,445,擅长：白癜风、无色素性痣、Ito色素减少症、白色糠疹、...,￥500,暂无排班,https://www.guahao.com/expert/fe9553ce-aceb-49b0-b03b-77b385dcdb6e000
王淑艳,主任医师,内分泌科门诊,复旦大学附属华山医院,10.0,19831,擅长：医生擅长糖尿病、甲状腺疾病、肥胖症、继发性高血压...,￥79,￥100,https://www.guahao.com/expert/0b125417-eb47-42a8-99d2-bda1708adc75000
华冰珠,主任医师,风湿免疫科,复旦大学附属华山医院,9.9,1485,擅长：类风湿性关节炎、强直性脊柱炎、干燥综合征、系统性...,￥100,暂无排班,https://www.guahao.com/expert/929aa643-46a1-44a9-9f20-0e787492f42b000
曹嘉添,副主任医师,心内科,复旦大学附属华山医院,10.0,190,擅长：冠心病，高血压，心脏肥大，高血脂，早搏等心血管疾...,￥138,None,https://www.guahao.com/expert/e0ec5b8d-d977-407e-8e13-304edbfcca6f000
徐铭,副主任医师,神经外科,复旦大学附属华山医院虹桥院区,10.0,1333,擅长：胶质瘤、脑膜瘤、听神经瘤、垂体瘤等颅脑肿瘤手术，...,￥80,None,https://www.guahao.com/expert/011072cf-f6a8-4156-9e4f-65f44a784fc9000
廖建泉,主治医师,心内科,复旦大学附属华山医院虹桥院区,10.0,585,擅长：冠心病、高血压、心律失常、心力衰竭、心肌病等复杂...,￥150,￥200,https://www.guahao.com/expert/92572e14-c64b-4ef5-b1dc-03a272610ae5000
吴双,主治医师,心内科,复旦大学附属华山医院虹桥院区,10.0,178,擅长：冠心病、急性心肌梗死、心房颤动、心律失常、心力衰...,￥179,￥199,https://www.guahao.com/expert/e1c5d373-29da-4cbb-a5fc-5159107c5af3000
朱蔚敏,主治医师,妇科门诊,复旦大学附属华山医院虹桥院区,10.0,8441,擅长：阴道炎，盆腔炎，宫颈hpv感染，不孕症，多囊卵巢...,￥49,￥100,https://www.guahao.com/expert/c2f6f2cc-3d3c-4785-86e1-63ea6a11fbfd000
杨欢,副主任医师,泌尿外科,复旦大学附属华山医院虹桥院区,10.0,980,擅长：肾/输尿管结石、肾/膀胱/前列腺肿瘤、肾上腺瘤及...,￥99,￥99,https://www.guahao.com/expert/cb029a3c-0668-4079-b2d8-a0bc778bdbe9000
胡晓鹏,主任医师,心外科,复旦大学附属华山医院虹桥院区,10.0,2385,擅长：主动脉疾病，先天性心脏病，冠心病，心脏瓣膜病,￥149,￥1000,https://www.guahao.com/expert/bf6b44e9-81b1-4821-b367-3ff4cad31028000
王建国,主任医师,甲状腺乳腺外科,复旦大学附属华山医院虹桥院区,10.0,20037,擅长：普外科、肿瘤外科疾病的诊治,￥48,￥50,https://www.guahao.com/expert/95733aa0-c720-11e1-913c-5cf9dd2e7135000
于世龙,主任医师,心血管内科,复旦大学附属华山医院虹桥院区,9.9,924,擅长：冠心病、高血压、心律失常、血脂异常、胸痛、心悸,￥100,￥100,https://www.guahao.com/expert/83b1bfe1-0636-455f-9900-940447b013f1000
史颖莉,主任医师,(杨)妇科周末特需门诊B,复旦大学附属华山医院虹桥院区,10.0,1760,擅长：妇科生殖-内分泌疾病的中西医结合诊治，尤其在不孕...,￥260,￥300,https://www.guahao.com/expert/0e4869fa-5095-489e-b59a-7de72101ff33000
薛海虹,主任医师,儿内科,复旦大学附属华山医院虹桥院区,10.0,3753,擅长：对小儿常见症状如发热、咳嗽、流涕、喘息、呕吐、腹...,￥300,￥500,https://www.guahao.com/expert/f454f4b0-ffbc-495a-ad05-683f5ae6a6cf000
高晓东,主任医师,普外科,复旦大学附属华山医院虹桥院区,10.0,47,擅长：胃癌，胃肠间质瘤，结直肠癌,￥300,None,https://www.guahao.com/expert/88d7d959-9725-4b6c-b232-efb4dbde9da8000
蒋金根,主任医师,肾病科,复旦大学附属华山医院虹桥院区,10.0,6,擅长：难治性肾病的免疫治疗，肾功能不全控制治疗和复发性...,￥300,￥480,https://www.guahao.com/expert/5d7aff9a-cff2-4f32-ba88-51a2416f88cc000
王勇飞,主任医师,甲状腺外科(河医院区),复旦大学附属华山医院虹桥院区,10.0,125,擅长：甲状腺癌、甲状腺结节，桥本氏甲状腺炎，亚急性甲状...,￥80,None,https://www.guahao.com/expert/8e65f9a5-7ddc-45ae-8e8c-9372d883ac8f000
王晓琴,主任医师,普通内科,复旦大学附属华山医院虹桥院区,10.0,250544,擅长：高血压，高脂血症，高尿酸血症，冠心病，扩张性心肌...,￥60,暂无排班,https://www.guahao.com/expert/96260145-c720-11e1-913c-5cf9dd2e7135000
汪毅,副主任医师,耳鼻喉科,复旦大学附属华山医院虹桥院区,10.0,3786,擅长：擅长突发性耳聋、感音神经性耳聋、耳鸣、眩晕、中耳...,￥199,￥299,https://www.guahao.com/expert/08187ec6-a6ab-4061-891b-9bc59a7387c9000
姜红,主任医师,心内科高级专家门诊,复旦大学附属华山医院虹桥院区,9.3,279,擅长：心力衰竭、高血压、高血脂等心血管疾病的诊治,￥380,暂无排班,https://www.guahao.com/expert/125990098781127000
侯婉音,主治医师,肾内科,北京大学第一医院,10.0,350,擅长：IgA肾病，膜性肾病，肾病综合征，新冠病毒感染后...,￥100,￥300,https://www.guahao.com/expert/c1cbe821-18d5-4cf1-abdf-d95170af2162000
文剑波,主治医师,放射科,北京大学第一医院,10.0,52,擅长：解读医学影像、诊断报告、影像检查辐射及防护，医学...,￥88,暂无排班,https://www.guahao.com/expert/91ed36a1-8fd4-4a73-897f-3c9cb3b45fca000
邓敏,主治医师,妇产科,北京大学第一医院,10.0,324,擅长：1、妇科生殖内分泌疾病的诊治：对于绝经、闭经、月...,￥20,None,https://www.guahao.com/expert/ab41a5d5-b72f-4ed5-bd4f-2fbb5e85af8d000
彭丽春,副主任医师,超声科,北京大学第一医院,9.9,520,擅长：乳腺病、甲状腺病超声诊断及介入手术超声,￥120,暂无排班,https://www.guahao.com/expert/788a633e-3ad2-44ed-9b9f-8bf3e5f6ae20000
崔双林,副主任医师,肿瘤外科,北京大学第一医院,9.9,9625,"擅长：肺癌,乳腺癌,胃癌,卵巢囊肿,宫颈癌,直肠癌,甲...",￥120,￥120,https://www.guahao.com/expert/8c66eec5-c276-4df1-82cf-e5a4f362a9d8000
刘孟国,主治医师,皮肤科,北京大学第一医院,10.0,14574,擅长：擅长手术治疗各种良恶性皮肤肿物（色素痣、瘢痕疙瘩...,￥60,None,https://www.guahao.com/expert/df0f727f-e14f-46a5-b4d6-1d8e08e334e4000
韩芳,副主任医师,放射科,北京大学第一医院,10.0,683,擅长：擅长全身各个系统的影像学诊断（包括各类中枢神经系...,￥88,￥200,https://www.guahao.com/expert/97d7e779-529c-4bb0-bb6d-e945b144f7ff000
程鹏,副主任医师,骨科,北京大学第一医院,10.0,1294,擅长：各类关节疾病的综合治疗：如股骨头坏死的保髋手术以...,￥59,￥300,https://www.guahao.com/expert/88703e35-c1e4-4a6e-8c7c-96bbb721be30000
方丽华,副主任医师,皮肤科,北京大学第一医院,9.6,23665,擅长：痤疮、皮炎、湿疹、扁平疣、白癜风、荨麻疹、黄褐斑...,￥300,暂无排班,https://www.guahao.com/expert/125655546036007000
王家俊,主任医师,皮肤科,北京大学第一医院,9.7,7153,擅长：各种皮炎、湿疹、甲病、外生殖器部位的皮肤疾病、性...,￥200,None,https://www.guahao.com/expert/125618967312641000
蒋伏松,主任医师,内分泌代谢科,北京大学第一医院,10.0,2210,擅长：糖尿病急性并发症、甲状腺功能亢进及甲状腺相关眼病...,￥100,￥200,https://www.guahao.com/expert/c0d81415-3a7d-4ad8-8b10-a415956458a5000
张宁,主治医师,基本外科,北京大学第一医院,9.9,425,擅长：甲状腺，甲状腺肿瘤、甲状腺癌、甲状腺随样癌、甲...,￥200,￥600,https://www.guahao.com/expert/9749bfb4-c720-11e1-913c-5cf9dd2e7135000
邓东锐,主任医师,妇科,北京大学第一医院,9.9,6080,擅长：产前诊断、遗传优生、复发性流产、宫颈机能不全、分...,￥100,￥600,https://www.guahao.com/expert/6c8c61da-0f62-4657-aefd-ec30410fb494000
孙惠兰,主任医师,妇科名医,北京大学第一医院,10.0,12960,擅长：妇科炎症、不孕不育、优生优育、计划生育、妇科肿瘤...,￥50,暂无排班,https://www.guahao.com/expert/c6d7ab00-2e89-4234-a05f-32ba9a8945b2000
杜明,主任医师,(黄)妇科特需门诊A,北京大学第一医院,9.8,4199,擅长：妇科常见疾病的诊治，月经过多去子宫内膜微创治疗，...,￥380,￥500,https://www.guahao.com/expert/3eba31c7-0fb9-4688-b846-062c34f091a1000
陈伊伦,主任医师,肾脏病,北京大学第一医院,10.0,49,擅长：对慢性肾炎、肾病综合症、紫癜性肾炎、狼疮性肾炎、...,￥75,None,https://www.guahao.com/expert/4b274734-775c-4e4d-a53f-afe2ddad8262000
吴国英,主任医师,口腔,江苏省口腔医院,9.3,101,擅长：口腔粘膜病和牙体牙髓病,￥100,￥160,https://www.guahao.com/expert/59f3506e-6f9e-4db1-88a5-5d47d22d8f6e000
匡鼎伟,副主任医师,肾病科,江苏省口腔医院,10.0,2549,擅长：各类慢性肾小球肾炎、各种类型肾病综合征、IgA肾...,￥168,￥368,https://www.guahao.com/expert/b7e24375-32f1-4b63-b762-add93c12e070000
许宇辰,住院医师,心内科,江苏省口腔医院,10.0,54,擅长：擅长冠心病、高血压、心律失常的治疗。,￥25,None,https://www.guahao.com/expert/25fe46fb-b3ee-44ac-85d4-d7d6f30cfaa3000
顾宇,副主任医师,妇科,江苏省口腔医院,10.0,12,擅长：妇科常见病及各种妇科良恶性肿瘤的诊治，包括子宫内...,未开通,None,https://www.guahao.com/expert/96b48ef1-c720-11e1-913c-5cf9dd2e7135000
常书福,副主任医师,心内科,江苏省口腔医院,,5,擅长：相关疾病咨询,￥150,None,https://www.guahao.com/expert/1116fd69-604c-4b9b-8d76-33a1a59a94c3000
宿燕岗,主任医师,心内科高级专家门诊,江苏省口腔医院,9.6,1114,擅长：心力衰竭、心脏起搏诊治,￥300,None,https://www.guahao.com/expert/125810786033664000
张耀国,主任医师,儿童口腔科,江苏省口腔医院,10.0,7195,擅长：补牙（恒牙、乳牙根管治疗）；拔牙（智齿、多生牙微...,￥38,￥50,https://www.guahao.com/expert/3938e25e-e461-4434-88a9-d83360340c65000
吕富靖,主任医师,消化内科,江苏省口腔医院,10.0,1506,擅长：胃息肉、肠息肉、消化道早癌及癌前病变、幽门螺杆菌...,￥150,￥300,https://www.guahao.com/expert/38b32db0-d8f2-4eef-a409-61b61cc1c35f000
袁贤奇,主任医师,心内科,江苏省口腔医院,10.0,2879,擅长：冠心病、高血压、高脂血症、心肌病、心力衰竭、心律...,￥390,暂无排班,https://www.guahao.com/expert/cbf7c692-241f-4c05-a90b-acc16a19de4e000
龚凌云,副主任医师,神经内科,江苏省口腔医院,10.0,7854,擅长：周围神经病、神经痛、运动神经元病、脊髓病变、脑血...,￥198,None,https://www.guahao.com/expert/e6bc1067-3347-42b4-af63-d22568e08def000
徐昱扬,副主任医师,胸外科,江苏省口腔医院,9.9,664,擅长：1.肺癌微创外科治疗及晚期肺癌综合治疗。2.肺结...,￥90,暂无排班,https://www.guahao.com/expert/82733a4d-ee85-4b33-aa0c-9935d1484371000
张立阳,副主任医师,基本外科,江苏省口腔医院,9.9,666,擅长：甲状腺癌，甲状腺肿瘤外科手术。,￥200,￥500,https://www.guahao.com/expert/97a90d43-c720-11e1-913c-5cf9dd2e7135000
牛峰,主任医师,颅颌面外科一中心,江苏省口腔医院,10.0,242,擅长：面部发育畸形的外科正畸，正颌外科，面部骨折的复位...,￥100,￥200,https://www.guahao.com/expert/e8659b96-735f-4e00-8c90-dcb3c15fbd42000
吴文川,主任医师,普外科高级专家门诊,江苏省口腔医院,9.9,1536,擅长：胰腺癌、胰腺囊性肿瘤、胰腺神经内分泌肿瘤、十二指...,￥200,￥500,https://www.guahao.com/expert/c232d7e6-218c-4a98-b34f-5778155d8949000
陈连军,副主任医师,皮肤科,江苏省口腔医院,9.4,1500,擅长：特应性皮炎、湿疹、痒疹、脱发、白癜风、银屑病、痤...,￥300,￥600,https://www.guahao.com/expert/c7efe768-975b-4868-aa72-44ca3ebd787b000
于明香,主任医师,内分泌科高级专家门诊,江苏省口腔医院,9.9,1955,擅长：内分泌代谢疾病；骨质疏松；糖尿病；甲状腺疾病；垂...,￥500,￥980,https://www.guahao.com/expert/125810026901586000
何国栋,副主任医师,普外科,复旦大学附属中山医院,10.0,1343,擅长：结肠癌及直肠癌的规范化治疗，微创手术（包括3D腹...,￥40,None,https://www.guahao.com/expert/db21efa7-55d0-4b72-9124-d53f5564f1ef000
程建岗,副主任医师,骨科,复旦大学附属中山医院,10.0,715,擅长：专业特长：四肢骨折、骨盆骨折的微创治疗、骨缺损，...,￥58,￥78,https://www.guahao.com/expert/1c92eb4b-295d-46ce-9f98-4833a08be9f5000
潘征夏,主任医师,心胸外科,复旦大学附属中山医院,10.0,142,擅长：诊治儿童胸心外科各种疾病及疑难重症，如各种先天性...,￥60,￥120,https://www.guahao.com/expert/959cee14-c720-11e1-913c-5cf9dd2e7135000
陈苗,主任医师,血液内科,复旦大学附属中山医院,10.0,251,擅长：再生障碍性贫血、骨髓增生异常综合征、溶血性贫血、...,￥399,None,https://www.guahao.com/expert/969493c9-c720-11e1-913c-5cf9dd2e7135000
夏莉,主任医师,皮肤科,复旦大学附属中山医院,10.0,7256,擅长：对临床常见病如痤疮，白癜风，银屑病、皮炎湿疹、大...,￥100,￥200,https://www.guahao.com/expert/9700d962-c720-11e1-913c-5cf9dd2e7135000
刘佳,副主任医师,妇科肿瘤,复旦大学附属中山医院,10.0,959,擅长：本人毕业于同济医学院，从事妇科临床十余年。擅长各...,￥40,None,https://www.guahao.com/expert/e4f42291-7d00-4e15-87b2-26a38516b016000
姜晨轶,主治医师,骨科,复旦大学附属中山医院,10.0,4000,擅长：微创人工关节置换、保髋、保膝治疗、运动损伤、关节...,￥129,￥298,https://www.guahao.com/expert/04b48155-f412-4c49-a924-d45c71df1b61000
虞聪,主任医师,手外科,复旦大学附属中山医院,9.8,1183,擅长：1、周围神经及臂丛神经损伤的诊治，以及后期的功能...,￥100,￥300,https://www.guahao.com/expert/125619086178979000
沈宇辉,主任医师,门诊骨科,复旦大学附属中山医院,9.9,757,擅长：良恶性骨与软组织肿瘤、转移性骨肿瘤、髋膝肩关节疾...,￥320,￥320,https://www.guahao.com/expert/c830b38a-4b95-42bc-8e0d-e34505034077000
冯艳梅,主任医师,耳鼻咽喉科,复旦大学附属中山医院,9.9,819,擅长：头晕，耳聋，耳鸣，助听器验配。特别擅长耳石症，突...,￥80,暂无排班,https://www.guahao.com/expert/7a6abcd0-17a8-447a-9a9c-4233d7589fff000
熊朝晖,主任医师,泌尿外科,复旦大学附属中山医院,10.0,15453,擅长：泌尿系（肾、输尿管、膀胱）结石，肾输尿管膀胱肿瘤...,￥20,￥30,https://www.guahao.com/expert/0f3c5ae9-c393-4522-8fae-ab438247a794000
汪成林,主任医师,牙体牙髓科,复旦大学附属中山医院,9.9,328,擅长：主要擅长牙髓再生、牙痛、根管治疗、根尖手术、孕妇...,￥100,￥200,https://www.guahao.com/expert/8a8d19c5-c6fb-4c6b-af28-ad672668fa27000
诸葛听,副主任医师,(黄)妇科专家门诊B,复旦大学附属中山医院,10.0,5144,擅长：月经失调、不孕、自然流产查因、肌腺症、避孕及孕前...,￥120,None,https://www.guahao.com/expert/014077ae-0b0a-4179-b4fb-9c223b2a5564000
陈小东,主任医师,呼吸科,复旦大学附属中山医院,9.8,1664,擅长：肺部结节、肺癌、慢性咳嗽、难治性哮喘、重症肺炎、...,￥500,￥600,https://www.guahao.com/expert/126708351870935000
杨晓,主任医师,肾内科,复旦大学附属中山医院,9.9,1158,擅长：肾脏病、原发性肾小球疾病、继发性肾小球疾病、狼疮...,￥80,None,https://www.guahao.com/expert/9005a961-d3ae-4c01-9276-1871f2bc95c6000
李良满,主任医师,骨科,复旦大学附属中山医院,10.0,268,擅长：从事骨科临床工作25年。擅长四肢骨折，关节损伤，...,￥129,￥200,https://www.guahao.com/expert/b682d420-e96e-4a29-99f6-635284b25d5e000
阎嶂松,主任医师,血液内科,中国医学科学院血液病医院（血液学研究所）,9.9,280,擅长：从事血液系统疾病的临床诊断和治疗、造血干细胞移植...,￥200,￥200,https://www.guahao.com/expert/9addeb65-06ab-4b3c-8940-21e9bb2e698c000
丁国芳,主任医师,儿科,中国医学科学院血液病医院（血液学研究所）,9.9,1056,擅长：新生儿疾病、早产儿急救和管理、新生儿黄疸的诊断和...,￥300,￥600,https://www.guahao.com/expert/97a893a6-c720-11e1-913c-5cf9dd2e7135000
梁嬛,副主任医师,(黄)产科专家门诊B,中国医学科学院血液病医院（血液学研究所）,10.0,3805,擅长：擅长产科，尤其擅长羊水穿刺、孕期西药安全性咨询、...,￥198,暂无排班,https://www.guahao.com/expert/0645a1d1-bf61-45b9-b517-e8a8ea34835a000
曾锦华,主治医师,儿科,中国医学科学院血液病医院（血液学研究所）,10.0,731,擅长：急性上呼吸道感染，急性支气管炎，急性扁桃体炎，流...,￥69,None,https://www.guahao.com/expert/bc014672-520f-42d5-98ea-4fd3803dd7c6000
邹长虹,主治医师,心内科,中国医学科学院血液病医院（血液学研究所）,10.0,309,擅长：扩张型心肌病，肥厚型心肌病，心脏淀粉样变性等不同...,￥100,None,https://www.guahao.com/expert/34308b10-912d-4a94-b3db-8d0eb1ebb1ae000
李连喜,主任医师,内分泌代谢科,中国医学科学院血液病医院（血液学研究所）,10.0,6485,擅长：肥胖、糖尿病及其并发症、甲亢、甲减、甲状腺炎、甲...,￥279,￥499,https://www.guahao.com/expert/37a6e28d-a472-4fcd-8c94-3c300f37c1cc000
柏愚,主任医师,消化内科,中国医学科学院血液病医院（血液学研究所）,9.9,2018,擅长：结肠、胰腺、胆道疾病的内镜诊断与治疗，包括结肠息...,￥1000,￥2000,https://www.guahao.com/expert/e99df466-8fae-43b0-a6d2-a6a7abd6e384000
李琛,主任医师,门诊普外,中国医学科学院血液病医院（血液学研究所）,9.9,197,擅长：胃癌和结直肠癌的外科手术治疗、腹腔镜胃肠道肿瘤微...,￥60,None,https://www.guahao.com/expert/50f54cba-3a68-4053-bb6d-2f8496180a2b000
张浩,主任医师,内科,中国医学科学院血液病医院（血液学研究所）,9.9,797,擅长：原发性和继发性骨质疏松症，及成骨不全症等代谢性骨...,￥150,None,https://www.guahao.com/expert/633aed3a-7401-440a-9ed9-a9b57f87b132000
叶京明,主任医师,普通外科,中国医学科学院血液病医院（血液学研究所）,10.0,849,擅长：乳腺癌手术及综合治疗，乳腺癌保乳手术、前哨淋巴结...,￥99,None,https://www.guahao.com/expert/7402680d-9df9-4ade-9d5c-a76974a72c40000
龚岚,主任医师,眼科,中国医学科学院血液病医院（血液学研究所）,9.8,2344,擅长：诊治各类角膜溃疡、角膜炎，干眼症。擅长角膜移植，...,未开通,￥600,https://www.guahao.com/expert/126500951770813000
李航,主任医师,肾内科,中国医学科学院血液病医院（血液学研究所）,10.0,802,擅长：慢性肾炎，IgA肾病，膜性肾病，狼疮性肾炎，糖尿...,￥400,暂无排班,https://www.guahao.com/expert/7c64aca8-b9cf-494e-88fb-d5efc19e1082000
黄钟明,副主任医师,泌尿外科,中国医学科学院血液病医院（血液学研究所）,10.0,660,擅长：泌尿系统肿瘤（肾癌、肾上腺肿瘤、输尿管癌、膀胱癌...,￥300,暂无排班,https://www.guahao.com/expert/953b4cee-c720-11e1-913c-5cf9dd2e7135000
迟志宏,主任医师,肾癌黑色素瘤内科,中国医学科学院血液病医院（血液学研究所）,10.0,1057,擅长：中晚期肾癌、膀胱癌、前列腺癌与皮肤黑色素瘤的化疗...,￥200,￥299,https://www.guahao.com/expert/1387c7a9-2559-4715-8ccc-b295dcbc5548000
杨志梅,主治医师,血液病研究所,中国医学科学院血液病医院（血液学研究所）,10.0,440,擅长：白血病，淋巴瘤，骨髓瘤，骨髓增生异常综合征，再生...,￥69,暂无排班,https://www.guahao.com/expert/3a65ab7f-cd4b-47d3-b951-903369323efb000
陈轶坚,主任医师,感染门诊,中国医学科学院血液病医院（血液学研究所）,9.9,1254,擅长：新型冠状病毒肺炎、尿路感染、脑脓肿、“超级细菌”...,￥200,暂无排班,https://www.guahao.com/expert/a3b57c6c-ab76-418a-bd78-b6d592403655000
王哲,主任医师,心外科,上海交通大学医学院附属瑞金医院,9.9,544,擅长：心脏外科的常见疾病，如冠心病、复杂先天性心脏病、...,￥60,￥120,https://www.guahao.com/expert/17a258dc-1503-4b01-abbd-d2079dde6acb000
罗德云,主任医师,肿瘤科,上海交通大学医学院附属瑞金医院,9.9,366,擅长：腹壁肿瘤、胃癌、大肠癌、小肠肿瘤、肝癌、胆系肿瘤...,￥300,￥600,https://www.guahao.com/expert/229a2e51-73f7-41e4-a206-e388dc86065d000
周仕轶,主任医师,中医男科,上海交通大学医学院附属瑞金医院,10.0,11026,擅长：中西医结合治疗男性疑难病症，早泄，勃起功能障碍，...,￥20,￥40,https://www.guahao.com/expert/beb1a83e-e367-4b39-b85b-5647376987d8000
唐力行,主任医师,耳鼻喉头颈外科,上海交通大学医学院附属瑞金医院,10.0,1080,擅长：儿童睡眠呼吸障碍疾病，腺样体肥大，扁桃体疾病，儿...,￥200,￥500,https://www.guahao.com/expert/10dd14ec-5a20-4168-8dd5-a91afdfc763b000
刘海波,主任医师,泌尿外科,上海交通大学医学院附属瑞金医院,10.0,1189,擅长：微创腹腔镜手术治疗泌尿生殖系统肿瘤，如肾肿瘤、肾...,￥129,￥199,https://www.guahao.com/expert/36cf9f2a-e7fa-4fb1-9852-3e02482af0b2000
张中元,主任医师,泌尿外科,上海交通大学医学院附属瑞金医院,10.0,1768,擅长：肾癌保肾机器人手术治疗,￥500,暂无排班,https://www.guahao.com/expert/caa48c79-bffb-40d5-a4d1-4493958db005000
陈平波,副主任医师,妇科,上海交通大学医学院附属瑞金医院,10.0,5742,擅长：妇科恶性肿瘤：宫颈癌，子宫内膜癌，卵巢癌，滋养细...,￥49,￥200,https://www.guahao.com/expert/0c488a2a-bf92-47a8-b983-8cd8902fb145000
周毅,副主任医师,胃肠外科,上海交通大学医学院附属瑞金医院,10.0,1216,擅长：对各类胃肠道疾病如胃癌、结直肠癌、胃肠道间质瘤、...,￥30,暂无排班,https://www.guahao.com/expert/4efe72a4-f227-4ea1-b9aa-7bb2717d5f66000
田乐,副主任医师,肿瘤内科,上海交通大学医学院附属瑞金医院,10.0,335,擅长：内科疾病的鉴别诊断和治疗，疑难病例的诊断。恶性肿...,￥400,暂无排班,https://www.guahao.com/expert/ba24fdf9-52d0-45af-a23a-3b7d72a7051a000
张林昊,主治医师,消化内科,上海交通大学医学院附属瑞金医院,10.0,161,擅长：消化内科常见病、多发病（例如消化不良、慢性胃炎、...,￥89,None,https://www.guahao.com/expert/6537cc22-25f6-4926-ba56-b91e75f4de4f000
王亚平,副主任医师,妇科内分泌,上海交通大学医学院附属瑞金医院,9.9,618,"擅长：各种月经失调,如多囊卵巢综合征，卵巢早衰，异常子...",￥200,￥300,https://www.guahao.com/expert/c4e96786-b2bb-4cf6-bf50-8651a6b4fdde000
王凌,主任医师,产科,上海交通大学医学院附属瑞金医院,9.5,2673,擅长：不孕症、复发性流产、先兆流产、反复妊娠种植失败、...,￥480,￥600,https://www.guahao.com/expert/7bf31187-2d63-433d-98f4-c47a968d7a78000
傅雯雯,主任医师,皮肤科,上海交通大学医学院附属瑞金医院,9.8,3768,擅长：白癜风、黄褐斑等色素异常性疾病的诊治，并对痤疮、...,￥800,None,https://www.guahao.com/expert/94ef7d25-c720-11e1-913c-5cf9dd2e7135000
黄备建,主任医师,超声科,上海交通大学医学院附属瑞金医院,9.9,165,擅长：腹部及血管疾病的超声诊断、介入超声及超声造影,￥100,None,https://www.guahao.com/expert/125811002698002000
王宇澄,主任医师,耳鼻喉科,上海交通大学医学院附属瑞金医院,9.8,705,擅长：能熟练耳聋、耳鸣、面瘫等疾病,￥400,￥500,https://www.guahao.com/expert/126500598443482000
黄洪锋,主任医师,肾脏病中心门诊,上海交通大学医学院附属瑞金医院,10.0,8556,擅长：肾移植,￥49,暂无排班,https://www.guahao.com/expert/57b1885c-5dd2-4084-a622-bd5b4772c932000
马东来,主任医师,皮肤科,北京协和医院,10.0,208,擅长：①色素性皮肤病（尤其是白癜风和外阴白斑）；②遗传...,未开通,￥800,https://www.guahao.com/expert/94fa842b-c720-11e1-913c-5cf9dd2e7135000
许明,主任医师,泌尿外科高级专家门诊,北京协和医院,9.3,56,擅长：肾移植、泌尿生殖系疾病诊治,￥200,￥200,https://www.guahao.com/expert/125810841717052000
刘毅智,主任医师,妇产科门诊,北京协和医院,10.0,55,擅长：妇科肿瘤及盆底疾病，专长宫颈病变的诊治和治疗。,￥100,None,https://www.guahao.com/expert/3f052aa7-fb1c-480c-8e35-9332e8bd8d8a000
韩凌,副主任医师,皮肤科,北京协和医院,9.9,883,擅长：擅长痤疮、银屑病、荨麻疹、白癜风等各种常见皮肤病...,￥300,暂无排班,https://www.guahao.com/expert/0d65dde2-aa6b-4080-9e69-db376e9fdb6c000
李方跃,主任医师,普外科门诊(绩溪路),北京协和医院,10.0,13581,擅长：肝胆外科和小儿外科的各种常见病及疑难杂症，对普外...,￥100,暂无排班,https://www.guahao.com/expert/959885f1-c720-11e1-913c-5cf9dd2e7135000
董思远,副主任医师,胸外科,北京协和医院,10.0,2465,擅长：美国哈佛医学院/麻省总医院博士后。擅长肺磨玻璃病...,￥99,￥300,https://www.guahao.com/expert/1613c8a3-b772-43f5-a50d-8dd7d6619178000
朱绍华,主治医师,消化内科,北京协和医院,10.0,1010,擅长：本人专业消化内科，食管、胃及结直肠早期肿瘤的内镜...,￥30,￥60,https://www.guahao.com/expert/00082513-3c26-4700-b2d2-65d50235bfae000
严佶祺,主任医师,门诊普外,北京协和医院,9.9,5756,擅长：甲状腺和甲状旁腺的外科治疗，微创机器人手术。,￥240,暂无排班,https://www.guahao.com/expert/bb7f4e9c-82ec-48d9-94bd-b1d6bb47c7ef000
宋善路,副主任医师,内科门诊,北京协和医院,10.0,17814,擅长：长期从事临床医疗和教学工作，对儿科的常见病和多发...,￥100,￥250,https://www.guahao.com/expert/c4a2d852-4604-4cb2-9410-bf55e2024c91000
姜伟,主任医师,妇科专家门诊A,北京协和医院,10.0,25637,擅长：各种妇科良恶性肿瘤的诊治。特别是卵巢癌，宫颈癌，...,￥100,￥200,https://www.guahao.com/expert/0ce52dde-3551-4086-bd6f-3421838e319d000
陈芬琴,副主任医师,内分泌科,北京协和医院,10.0,652,擅长：糖尿病内分泌治疗,￥59,暂无排班,https://www.guahao.com/expert/aab64519-70fe-408c-96fb-03e2f1d11bff000
钟芸诗,主任医师,内镜中心高级专家门诊,北京协和医院,9.8,3210,擅长：胆胰疾病的内镜微创治疗（ERCP治疗胆总管和胰管...,￥300,￥680,https://www.guahao.com/expert/c31a088d-a363-457b-8b6f-ffc0390d4b62000
刘艳,主任医师,儿科,北京协和医院,9.9,1557,擅长：儿科神经系统疾病如儿童脑发育迟缓、脑性瘫痪、儿童...,￥60,暂无排班,https://www.guahao.com/expert/a51c0c28-9350-4b77-aeb4-cde06e0ed74f000
徐海燕,主任医师,肿瘤内科,北京协和医院,9.9,541,擅长：长期以来从事晚期肿瘤合并恶性胸腹腔积液、心包积液...,￥600,￥1000,https://www.guahao.com/expert/5d56e9b4-aa16-48db-a8dc-82229f535d6c000
王越琦,副主任医师,普外科,北京协和医院,10.0,559,擅长：胆囊癌、胆管癌、壶腹部肿瘤、胃癌和结直肠癌等消化...,￥200,暂无排班,https://www.guahao.com/expert/1029d027-bb96-41b7-9669-b0ab02f370a7000
李怀平,副主任医师,肾病内科,北京协和医院,10.0,1761,擅长：肾小球疾病、狼疮性肾炎、iga肾病，c3肾小球肾...,￥200,￥500,https://www.guahao.com/expert/952d8488-c720-11e1-913c-5cf9dd2e7135000
高金枝,副主任医师,新生儿代谢性疾病,华中科技大学同济医学院附属同济医院,10.0,1700,擅长：医学博士，副主任医师，2013年毕业于华中科技大...,￥89,None,https://www.guahao.com/expert/6f9afae4-e3aa-441e-aa1b-48767aba8a24000
李杰,副主任医师,骨科,华中科技大学同济医学院附属同济医院,10.0,101,擅长：四肢创伤骨折。腕关节TFCC损伤，腕关节韧带损伤...,￥30,暂无排班,https://www.guahao.com/expert/964266e7-6080-41f7-af3e-10c90f8cd3f6000
刘海燕,主任医师,(黄)产科专家门诊B,华中科技大学同济医学院附属同济医院,9.9,233,擅长：早产预防，宫颈环扎，妊娠期血糖血压异常的诊治，疤...,￥150,None,https://www.guahao.com/expert/1d014ac6-d149-4f96-ad93-7f02f0f929aa000
孙海霞,副主任医师,心内科,华中科技大学同济医学院附属同济医院,10.0,735,擅长：心内科、动脉硬化高脂血症、高血压、冠心病的治疗。,￥60,暂无排班,https://www.guahao.com/expert/97a2acd1-c720-11e1-913c-5cf9dd2e7135000
王洪立,主任医师,骨科,华中科技大学同济医学院附属同济医院,10.0,2426,擅长：脊柱脊髓疾病的临床规范诊治与微创手术治疗。颈椎病...,￥200,暂无排班,https://www.guahao.com/expert/97435f7b-4ced-423c-9824-ec78ffdee415000
张平,主任医师,妇科肿瘤,华中科技大学同济医学院附属同济医院,10.0,1114,擅长：宫颈癌，卵巢癌，子宫内膜癌的手术治及化疗等综合治...,￥300,￥300,https://www.guahao.com/expert/142862689439049000
邵英起,主任医师,血液内科,华中科技大学同济医学院附属同济医院,10.0,427,擅长：长期从事贫血性疾病诊疗工作，对伴有贫血的各种血液...,￥300,￥300,https://www.guahao.com/expert/97659f3d-c720-11e1-913c-5cf9dd2e7135000
杨志尚,主任医师,泌尿外科,华中科技大学同济医学院附属同济医院,10.0,247,擅长：泌尿系统疾病的腹腔镜治疗。对泌尿系肿瘤有较深入的...,￥50,暂无排班,https://www.guahao.com/expert/9585e11f-c720-11e1-913c-5cf9dd2e7135000
朱志,主任医师,肿瘤外科,华中科技大学同济医学院附属同济医院,10.0,175,擅长：精通结直肠癌，胃癌，胃肠道间质瘤，家...,￥29,￥99,https://www.guahao.com/expert/01d2d48c-0016-4651-a368-6d19412fad29000
俞蕙,主任医师,内科感染科,华中科技大学同济医学院附属同济医院,9.9,554,擅长：1991毕业于复旦大学医学院，2004年毕业于复...,￥400,None,https://www.guahao.com/expert/579b5432-b036-48e9-8c22-5b0d68e3e99a000
郭学利,主任医师,血管外科(河医院区),华中科技大学同济医学院附属同济医院,9.9,2498,擅长：血管外科疾病的诊断和治疗。擅长治疗各种动脉瘤，急...,￥30,￥200,https://www.guahao.com/expert/be1b2cdf-c80e-4745-8b66-f99d01f0279c000
易磊,副主任医师,烧伤整形科,华中科技大学同济医学院附属同济医院,10.0,689,擅长：1.瘢痕综合治疗2.皮肤肿瘤与黑痣治疗3.伤...,￥60,￥300,https://www.guahao.com/expert/5341eb53-59e6-413c-8db0-a62b46a6b650000
李云程,主任医师,耳鼻喉门诊,华中科技大学同济医学院附属同济医院,9.8,2384,擅长：小儿扁桃体及腺样体肥大，成人鼾症，咽喉返流性疾病...,￥160,￥180,https://www.guahao.com/expert/9beecdc1-5668-4912-960a-814f03620c2e000
项明,主任医师,门诊普外,华中科技大学同济医学院附属同济医院,9.6,416,擅长：胃、肠肿瘤的外科综合治疗，甲状腺结节等普外科常见...,￥150,None,https://www.guahao.com/expert/d7601af8-136a-413f-8139-a001288f7236000
陈海敏,副主任医师,心内科,华中科技大学同济医学院附属同济医院,9.9,299,擅长：心内科方面的常见疾病。,￥50,暂无排班,https://www.guahao.com/expert/c84c0821-094f-4b51-853d-9927e5f0dfbc000
张剑,副主任医师,门诊烧伤整形,华中科技大学同济医学院附属同济医院,10.0,1229,擅长：各种灼伤及创伤后疤痕增生的整形康复，以及各种难治...,￥60,￥100,https://www.guahao.com/expert/b48f68c4-333f-46f7-8322-a3e1d58d38bc000
许丽娟,主治医师,儿科,重庆医科大学附属儿童医院,10.0,3357,擅长：儿内科常见病、多发病的诊治，如发热、流涕、咳嗽、...,￥80,￥200,https://www.guahao.com/expert/447d2c09-a520-4bb0-9752-0192254b385c000
张卫华,副主任医师,精神科,重庆医科大学附属儿童医院,10.0,766,擅长：各种睡眠紊乱和成年人精神疾病（失眠抑郁症焦虑...,￥100,￥600,https://www.guahao.com/expert/564cf95c-dc9a-41be-b73a-4477b6944c58000
胡蓉,主治医师,妇科门诊,重庆医科大学附属儿童医院,10.0,210,擅长：常见妇产科疾病,￥39,￥60,https://www.guahao.com/expert/0015880f-9816-4e8f-994e-e19ec81f314a000
周学锋,副主任医师,小儿外科,重庆医科大学附属儿童医院,10.0,1358,擅长：尿道下裂、肾积水、输尿管异位开口、重复肾、肾母细...,￥50,暂无排班,https://www.guahao.com/expert/9efb46de-702c-4883-b671-6987c6db4e03000
赵明智,副主任医师,(杨)妇科专家门诊B,重庆医科大学附属儿童医院,10.0,1051,擅长：宫颈癌、内膜癌、卵巢癌、卵巢囊肿、子宫肌瘤、子宫...,￥150,None,https://www.guahao.com/expert/8c2d0c84-09a2-4dec-96ce-823bcb2801b6000
胡平,副主任医师,急诊科,重庆医科大学附属儿童医院,9.9,1842,擅长：1.院前长途重症监护转运，重症医学，急危重症会诊...,￥25,None,https://www.guahao.com/expert/a87c833f-eb41-42c2-9bf0-e2ddc0c564d6000
田军,主任医师,血液净化移植中心,重庆医科大学附属儿童医院,10.0,90,擅长：1.各种泌尿外科疾病诊断治疗。2.肾移植手术、肾...,￥300,暂无排班,https://www.guahao.com/expert/953da0be-c720-11e1-913c-5cf9dd2e7135000
郭秀颖,主任医师,皮肤科,重庆医科大学附属儿童医院,9.9,57,擅长：皮肤科常见疾病的诊治，如荨麻疹、湿疹、药疹、结节...,￥71,None,https://www.guahao.com/expert/00F283537084BA0AE050A8C00F017471000
安立新,主任医师,皮肤科,重庆医科大学附属儿童医院,10.0,220,擅长：专业擅长：银屑病、带状疱疹、甲癣，手足癣、股癣、...,￥100,暂无排班,https://www.guahao.com/expert/47c9dfaa-744b-424c-b988-92fac1c4496f000
段淑荣,主任医师,神经内科诊室,重庆医科大学附属儿童医院,10.0,271,擅长：脑血管疾病（脑出血、肺梗塞、血管性痴呆、静脉窦血...,￥50,None,https://www.guahao.com/expert/060f5660-9ba4-49f6-a59c-c319628ad3d9000
刘寅,主任医师,儿内科,重庆医科大学附属儿童医院,10.0,1876,擅长：小儿心血管疾病；小儿神经系统疾病疾病的诊断与治疗...,￥49,￥30,https://www.guahao.com/expert/97030da6-c720-11e1-913c-5cf9dd2e7135000
曾学思,主任医师,皮肤科,重庆医科大学附属儿童医院,10.0,3115,擅长：白癜风、皮肤良恶性肿瘤治疗，及各种皮肤疑难病、皮...,￥300,￥300,https://www.guahao.com/expert/95fd0bb8-c720-11e1-913c-5cf9dd2e7135000
张永学,主任医师,核医学,重庆医科大学附属儿童医院,10.0,1281,擅长：甲亢、甲减、甲状腺炎、甲状腺结节和甲状腺癌的临床...,￥100,暂无排班,https://www.guahao.com/expert/cbde82a8-fa48-4886-8fe4-0e443ad45c8b000
易朝辉,主任医师,全科,重庆医科大学附属儿童医院,10.0,112606,擅长：高血压.糖尿病.胃病.冠心病心力衰竭、顽固性胃病...,￥5,￥50,https://www.guahao.com/expert/ff43d4cb-252a-44ad-a5ff-518650a5726c000
黄嵘,主任医师,神经内科,重庆医科大学附属儿童医院,10.0,1010,擅长：脑血管病、帕金森病、神经及肌肉病、神经遗传病的诊...,￥89,暂无排班,https://www.guahao.com/expert/fc93d7b6-fb07-47ad-bb8a-acb5ac95aa6a000
韩笑冬,主任医师,儿科,重庆医科大学附属儿童医院,10.0,26958,擅长：治疗儿科常见病及危重症疾病如:高热惊厥、反复肺炎...,￥60,￥20,https://www.guahao.com/expert/4fb4447a-5792-4727-8ec5-ad9465c91423000
亢园园,主治医师,门诊高血压,上海交通大学医学院附属瑞金医院,10.0,445,擅长：高血压病因筛查，高血压优化治疗，继发性高血压的诊...,￥100,None,https://www.guahao.com/expert/77e09108-b3c8-4cc2-82e9-719a8a08b060000
李筠,主任医师,（加号预约）内科特需,上海交通大学医学院附属瑞金医院,9.9,834,擅长：对儿科常见病诊治经验丰富；常年从事房间隔缺损、室...,￥200,None,https://www.guahao.com/expert/097b19f9-5def-40b6-84f5-42ccc8235191000
刘焰工作室,主任医师,眼科(专家),上海交通大学医学院附属瑞金医院,9.8,441,擅长：羊膜手术，胬肉手术，角膜缘干细胞及结膜移植手术，...,￥300,None,https://www.guahao.com/expert/95a33ede-ee06-4a77-ad2e-41c2f724d7c6000
王洪永,主任医师,内分泌二科,上海交通大学医学院附属瑞金医院,10.0,7001,擅长：泰安市中医医院内分泌二科主任医师,￥0,None,https://www.guahao.com/expert/fd662169-c27c-4ade-b88b-02968617b109000
洪涛,主任医师,心外科,上海交通大学医学院附属瑞金医院,9.9,1533,擅长：心脏瓣膜病、冠心病、大血管疾病及心脏肿瘤的外科治...,￥150,None,https://www.guahao.com/expert/125810788735581000
胡旭东,主任医师,胸部肿瘤放疗,上海交通大学医学院附属瑞金医院,10.0,332,擅长：肺癌，食管癌，乳腺癌，胸腺癌的放化综合治疗！擅长...,￥48,￥200,https://www.guahao.com/expert/4029fcbd-8853-4b6b-869d-f67215560e0e000
马剑英,主任医师,心内科高级专家门诊,上海交通大学医学院附属瑞金医院,9.3,724,擅长：冠心病介入治疗及高血压的诊治,￥400,None,https://www.guahao.com/expert/dfb64d11-940e-4156-95ec-73cf412bad99000
王启贤,主任医师,心脏内科,上海交通大学医学院附属瑞金医院,10.0,10847,擅长：心血管病临床及冠心病及先天性心脏病介入诊治，高血...,￥150,￥300,https://www.guahao.com/expert/96b7efea-c720-11e1-913c-5cf9dd2e7135000
李骥,副主任医师,放疗科,上海交通大学医学院附属瑞金医院,9.9,380,擅长：擅长头颈部肿瘤:鼻咽癌、鼻腔鼻窦癌、口咽癌、喉癌...,￥200,None,https://www.guahao.com/expert/31f99ef6-a948-4b7f-8325-09bf3f9965da000
沙莎,副主任医师,神经内科,上海交通大学医学院附属瑞金医院,10.0,3309,擅长：常见老年疾病包括老年病痴呆，脑出血，脑血栓，头痛...,￥99,￥200,https://www.guahao.com/expert/1deb5855-604e-4732-9c9c-1a5dde4bbde6000
王小成,主治医师,普通外科门诊,上海交通大学医学院附属瑞金医院,10.0,170,擅长：1、对男性包皮过长、包茎、包皮龟头炎、包皮口狭窄...,￥88,￥200,https://www.guahao.com/expert/4b6390b8-33e8-418c-b5b0-1fad05b6d468000
黄伟,主任医师,血液内科,上海交通大学医学院附属瑞金医院,9.9,758,擅长：白血病，淋巴瘤，骨髓瘤，骨髓增生异常综合症,￥60,￥150,https://www.guahao.com/expert/04e88d23-89f8-4eb8-9d8b-9f038d36e7e4000
吴杰,副主任医师,皮肤科,上海交通大学医学院附属瑞金医院,10.0,5107,擅长：脱发、痤疮、白癜风、敏感肌肤等美容性皮肤病；色素...,￥80,￥120,https://www.guahao.com/expert/19b5f82e-4ec3-4208-bfaf-4f2cbad51839000
戴艳,副主任医师,肾病科,上海交通大学医学院附属瑞金医院,10.0,1376,擅长：急慢性肾脏疾病的诊治，尤其擅长糖尿病肾病一体化治...,￥120,￥300,https://www.guahao.com/expert/9255de05-25b3-4abe-b0f1-507015c90be0000
杨阳,副主任医师,小儿心外科,上海交通大学医学院附属瑞金医院,10.0,912,擅长：小儿先心病动脉导管，房间隔缺损，室间隔缺损等的介...,￥50,￥300,https://www.guahao.com/expert/3218f9dc-b24e-4fc2-9a34-2476f0b968d1000
姚志峰,副主任医师,心内科,上海交通大学医学院附属瑞金医院,10.0,110,擅长：心内科常见病的诊断和治疗，特别是复杂冠心病的诊断...,￥300,None,https://www.guahao.com/expert/5732d24f-54b4-4200-aa0e-af9bffdad759000
杨燕文,副主任医师,整形外科,复旦大学附属中山医院,10.0,216,擅长：激光美容，面部年轻化，瘢痕的预防和治疗,￥20,None,https://www.guahao.com/expert/a7b8f58e-87a5-4626-857e-846fdb9b7a10000
周文洁,主治医师,生殖医学中心,复旦大学附属中山医院,10.0,108,擅长：运用辅助生殖技术联合宫腔镜手术治疗女性不孕症、反...,￥50,￥100,https://www.guahao.com/expert/e6338b44-b151-4ab9-90c5-9d59fe120c73000
文根,主任医师,骨科,复旦大学附属中山医院,10.0,588,擅长：1、四肢复杂骨关节创伤修复2、复杂四肢组织缺损的...,￥100,￥500,https://www.guahao.com/expert/0be1b59a-3ed5-49c7-8397-c81ab7f791c8000
吴春玲,副主任医师,风湿科,复旦大学附属中山医院,10.0,397,擅长：系统性红斑狼疮，类风湿关节炎，强直性脊柱炎,￥50,暂无排班,https://www.guahao.com/expert/31a3c93e-05aa-4556-ae41-cc144ccc7a0a000
郑珊,主任医师,普外科,复旦大学附属中山医院,9.9,2971,擅长：小儿消化道畸形（先天性肛门直肠畸形、先天性巨结肠...,￥500,None,https://www.guahao.com/expert/3f2309ab-ed52-4f83-a720-4549d558216d000
吴瑶,副主任医师,皮肤科,复旦大学附属中山医院,10.0,3234,擅长：擅长儿童常见皮肤病，包括特应性皮炎（湿疹），斑秃...,￥100,￥150,https://www.guahao.com/expert/21751f26-aae7-4018-b35e-a6c9964ac1c8000
俞一飞,主治医师,内分泌科,复旦大学附属中山医院,10.0,5180,擅长：针对糖尿病、甲状腺疾病、垂体瘤等内分泌疾病有丰富...,￥30,暂无排班,https://www.guahao.com/expert/7bf9c7f0-bbe4-4dab-a1d1-45bb50a6f5a7000
谢锋,主任医师,妇科门诊,复旦大学附属中山医院,10.0,5626,擅长：外阴、阴道、宫颈HPV感染、癌前病变及早期癌的规...,￥600,None,https://www.guahao.com/expert/639fe87b-9cb6-4750-8d74-5c716de22e4a000
苏开明,主任医师,耳鼻咽喉头颈外科,复旦大学附属中山医院,9.9,3018,擅长：各类鼻科疾病和儿童鼾症的微创手术。具体包括：腺样...,￥326,￥800,https://www.guahao.com/expert/ecfc8e77-40c9-4264-a1cc-d80dbad8d432000
蔡林,主任医师,泌尿外科,复旦大学附属中山医院,10.0,301,擅长：泌尿系统肿瘤的微创手术。如肾肿瘤保留肾单位手术，...,￥400,￥1000,https://www.guahao.com/expert/fc5d428e-af30-430e-be3d-09df2b48687c000
马骏,主任医师,儿保科,复旦大学附属中山医院,9.9,590,擅长：医学博士，主任医师，教授，上海交通大学医学院硕士...,￥500,None,https://www.guahao.com/expert/c2f22a40-04e1-4e8f-bd65-22bd1dfcdc92000
马福刚,主任医师,胸外科,复旦大学附属中山医院,10.0,11074,擅长：胸外科专业治疗。擅长食管癌，肺癌，贲门癌，胃癌，...,￥79,￥88,https://www.guahao.com/expert/03C845971CA81784E0530F01A8C0DDC0000
王勇,主任医师,骨科门诊,复旦大学附属中山医院,10.0,435,擅长：腰椎间盘突出，椎管狭窄，腰椎滑脱，颈椎病，颈椎后...,￥80,None,https://www.guahao.com/expert/488e97a1-63d9-434e-96ad-a2fdc497a6cc000
郭公新,主任医师,消化科,复旦大学附属中山医院,10.0,16837,擅长：消化内镜下的诊断和治疗、如內镜下止血、息肉的切除...,￥100,￥200,https://www.guahao.com/expert/75ca5258-8f39-4531-a156-1fa4ead7145c000
鞠秀丽,主任医师,小儿内科,复旦大学附属中山医院,10.0,2085,擅长：儿童血液病和恶性肿瘤的诊断治疗,￥100,￥200,https://www.guahao.com/expert/953d9c85-c720-11e1-913c-5cf9dd2e7135000
刘双臣,主任医师,精神科,复旦大学附属中山医院,10.0,4926,擅长：精神分裂症、抑郁症、双相情感障碍、焦虑症、睡眠障...,￥300,￥700,https://www.guahao.com/expert/ff25c4a2-1f7d-4ac1-8648-75ccf2e7d013000
赵东,主任医师,心外科,复旦大学附属中山医院,9.9,960,擅长：擅长微创或常规治疗各种心脏瓣膜病变、先天性心脏病...,￥80,None,https://www.guahao.com/expert/125810870777112000
艾继辉,主任医师,生殖医学科,复旦大学附属中山医院,10.0,13085,擅长：不孕症的诊治，宫腹腔镜等微创手术和辅助生殖技术手...,￥100,暂无排班,https://www.guahao.com/expert/6d216a0f-d265-43f0-8756-a9d7b9d83970000
李庆忠,主任医师,耳鼻喉科,复旦大学附属中山医院,9.5,1358,擅长：擅长微创手术治疗耳硬化症，鼓膜修补、中耳炎、中耳...,￥200,None,https://www.guahao.com/expert/126500238265418000
杨放如,主任医师,心理卫生中心,复旦大学附属中山医院,9.9,18705,擅长：儿童青少年心理咨询与心理治疗，失眠症、抑郁症、心...,￥300,None,https://www.guahao.com/expert/fd866c48-fa58-44e8-86e3-4051cf5ac515000
高鹏,主任中医师,名医馆,复旦大学附属中山医院,10.0,10122,擅长：精通内科各种常见病多发病的中医、西医和中西医结合...,￥120,￥180,https://www.guahao.com/expert/4DE9690E7400440BBFF10DBC45079591000
刘丽江,主任医师,妇科,复旦大学附属中山医院,9.4,239,擅长：妇产科手术、腹腔镜、宫腔镜手术、阴式手术、生殖道...,￥100,None,https://www.guahao.com/expert/660abb1a-8d0b-4b53-ab7e-8be4ea2b5174000
邓钰蕾,主任医师,门诊神内,复旦大学附属中山医院,9.9,1325,擅长：癫痫等发作性疾病、老年性痴呆、头痛、睡眠障碍、脑...,￥300,￥800,https://www.guahao.com/expert/2171b2e3-51f4-44c4-8d9a-ceda174b8307000
于佶,主任医师,神经外科,复旦大学附属中山医院,9.5,1038,擅长：各种脊髓脊柱肿瘤、颅内各部位胶质瘤、脑膜瘤、垂体...,￥300,￥300,https://www.guahao.com/expert/125618844914983000
郑帅,主任医师,脊柱骨科,复旦大学附属中山医院,9.9,1128,擅长：专注脊柱外科的微创治疗，擅长颈椎病、腰椎间盘突出...,￥268,￥398,https://www.guahao.com/expert/2556991d-ff1d-4153-b2e1-16cb47ee6ffc000
杨秀滨,主任医师,心脏外科,复旦大学附属中山医院,9.9,247,擅长：1、微创小切口心脏手术包括微创瓣膜修复、替换和...,￥150,￥500,https://www.guahao.com/expert/55b8a030-b9c8-41b3-a13b-ff3a0f1499a2000
董晶,副主任医师,(黄)妇科特需门诊B,复旦大学附属中山医院,10.0,2545,"擅长：宫腔及宫颈疾病的诊治，宫腔镜，leep,激光，聚...",￥599,None,https://www.guahao.com/expert/3261d1a6-92e3-49c1-b464-51a1604042aa000
田锋,副主任医师,基本外科,复旦大学附属中山医院,10.0,344,擅长：胰腺、甲状腺、胃、十二指肠疾病的鉴别诊断和微创外...,￥500,暂无排班,https://www.guahao.com/expert/61ee16c2-ca28-495e-840a-80c7713953cc000
倪照军,主治医师,精神科,复旦大学附属中山医院,10.0,1628,擅长：酒精依赖、镇静催眠药依赖、抑郁症、焦虑症、失眠症...,￥200,￥500,https://www.guahao.com/expert/57d84d89-8a64-4722-9f38-f9a720d5c639000
孙羽东,副主任医师,普外科,复旦大学附属中山医院,10.0,39,擅长：主动脉瘤，主动脉夹层，下肢动脉硬化闭塞症，颈动脉...,￥30,暂无排班,https://www.guahao.com/expert/65f8f045-74a5-4386-957b-63f045b61be3000
曲春安,主治医师,整形外科,复旦大学附属中山医院,10.0,210,擅长：宝宝受伤早期表情凹、抓伤、挠伤、烧烫伤及手术后疤...,￥20,￥50,https://www.guahao.com/expert/c917ecda-b3f9-43a5-9db7-f39879288310000
金贇杰,主治医师,超声科,复旦大学附属中山医院,10.0,45,擅长：超声介入手术，包括：1、经皮肝穿刺胆管引流治疗梗...,￥100,None,https://www.guahao.com/expert/954c9e14-0e7e-4850-a625-3274bf175d3b000
王新峰,住院医师,胸外科,中国医学科学院肿瘤医院,10.0,24,擅长：肺结节、肺腺癌、肺磨玻璃结节、肺癌、非小细胞肺癌...,￥100,暂无排班,https://www.guahao.com/expert/adb6b875-602e-4735-87a4-7e596bf05920000
肖凤仪,副主任医师,宫颈疾病门诊,中国医学科学院肿瘤医院,10.0,9,擅长：宫颈疾病门诊相关疾病,￥200,暂无排班,https://www.guahao.com/expert/070fcc9f-c6fd-4034-bc50-97eb8184c5cf000
张萍,主治医师,消化科,中国医学科学院肿瘤医院,10.0,21,擅长：儿科消化内科常见疾病，如便秘、顽固性便秘，腹泻、...,￥200,None,https://www.guahao.com/expert/f1c8d652-3358-4a92-8d3a-2b662d516c76000
张磊,副主任医师,心内科,中国医学科学院肿瘤医院,10.0,1136,擅长：1.各种心动过缓(如病态窦房结综合征、房室传导阻...,￥150,￥500,https://www.guahao.com/expert/c37d02cb-a947-430b-93cb-3d0fd91467d2000
贺慧鹏,副主任医师,全科,中国医学科学院肿瘤医院,10.0,353457,擅长：对消化内科疾病和内镜下疾病的诊治方面有特长。慢性...,￥50,￥80,https://www.guahao.com/expert/8290a971-b135-4b44-9d6f-9a4d1c70ee17000
薄晓波,主治医师,普外科,中国医学科学院肿瘤医院,10.0,274,擅长：胆道疾病方面的常见问题，包括胆管结石，胆囊结石，...,￥40,暂无排班,https://www.guahao.com/expert/16b34c5d-909a-47c1-9b0b-a7b415cd7754000
曹玉珍,主任医师,神经科,中国医学科学院肿瘤医院,9.9,807,擅长：各种类型的脑血管病的诊治，包括脑梗塞，脑出血，蛛...,￥300,None,https://www.guahao.com/expert/97a53249-c720-11e1-913c-5cf9dd2e7135000
何永刚,副主任医师,门诊普外,中国医学科学院肿瘤医院,10.0,3280,擅长：胃肠道、甲状腺及甲状旁腺肿瘤外科手术治疗，腹腔镜...,￥148,￥158,https://www.guahao.com/expert/fa85db94-f8ce-4b74-83c6-ca4e961183e5000
张磊,副主任医师,普外科,中国医学科学院肿瘤医院,10.0,1116,擅长：胰腺疾病的诊断和治疗，包括胰腺癌，胰腺良、恶性肿...,￥100,None,https://www.guahao.com/expert/0ef48b85-33fc-4946-87fd-a0b209ca48b3000
陈圣安,主治医师,皮肤科,中国医学科学院肿瘤医院,10.0,2965,擅长：痤疮（青春痘）、脂溢性皮炎、皮炎湿疹（过敏性皮肤...,￥90,None,https://www.guahao.com/expert/408abc34-c41f-424c-b2ae-71c067ac30fc000
闾佳佳,主治医师,儿科,中国医学科学院肿瘤医院,10.0,1161,擅长：儿童呼吸道感染、胃肠炎、腹泻、湿疹、食物过敏、哮...,￥129,暂无排班,https://www.guahao.com/expert/08245c40-caff-41f0-ac7f-942e1bcd0f61000
罗说明,副主任医师,内分泌科门诊,中国医学科学院肿瘤医院,10.0,965,擅长：糖尿病、甲状腺疾病、代谢综合征、肥胖、痛风、继发...,￥80,暂无排班,https://www.guahao.com/expert/e17ea845-314b-4722-8b43-2faf1a4afa7a000
李穗,主治医师,耳鼻咽喉科,中国医学科学院肿瘤医院,10.0,3365,擅长：急慢性鼻炎、鼻窦炎、鼻息肉、过敏性鼻炎、分泌性中...,￥36,￥58,https://www.guahao.com/expert/6e3e6de9-6d7e-4344-a0b4-a1623538f7b4000
刘凤芹,副主任医师,内科,中国医学科学院肿瘤医院,9.9,22555,擅长：糖尿病、高血压血脂异常、高尿酸血症、骨质疏松症、...,￥50,暂无排班,https://www.guahao.com/expert/2fd11ef6-e153-4841-8e78-9ead78abac7c000
孙石磊,主任医师,神经内科(河医院区),中国医学科学院肿瘤医院,9.9,1387,擅长：脑血管疾病、重症肌无力、癫痫、眩晕、痴呆、颅内感...,￥58,￥500,https://www.guahao.com/expert/efee491b-7ef4-4fca-917d-c7e8f3809464000
然鋆,副主任医师,心脏外科,中国医学科学院肿瘤医院,10.0,1291,擅长：1.心脏瓣膜病（风湿性心脏病，瓣膜病，二尖瓣狭窄...,￥50,￥128,https://www.guahao.com/expert/b899df17-5cc9-4f9c-ac75-825f0b9654c8000
张国庆,副主任医师,新生儿科,上海儿童医学中心(总院区),10.0,6981,擅长：早产儿、黄疸、肺炎、皮疹、喂养问题、腹泻、便秘等...,￥100,￥300,https://www.guahao.com/expert/f94783fa-35ff-418e-aa19-90c29f76ddf0000
胡韶楠,主任医师,手外科,上海儿童医学中心(总院区),9.9,3154,擅长：臂丛损伤、各种周围神经损伤，分娩性臂丛损伤及其后...,￥100,暂无排班,https://www.guahao.com/expert/125618935287435000
崔国惠,主任医师,血液科专家,上海儿童医学中心(总院区),10.0,134,擅长：白血病、淋巴瘤、造血干细胞移植,￥100,暂无排班,https://www.guahao.com/expert/a7b1e139-66d9-49b9-987a-9067582d29e9000
毛志海,主任医师,门诊普外,上海儿童医学中心(总院区),9.4,115,擅长：胃肠肿瘤及胆道疾病的微创治疗、包括腹腔镜胃癌，肠...,￥50,None,https://www.guahao.com/expert/57f4927c-0522-4766-b3b8-d8bf4a8ed34b000
盛薇,主任医师,乳腺外科,上海儿童医学中心(总院区),10.0,1280,擅长：各类甲状腺，乳腺疾病。,￥150,￥300,https://www.guahao.com/expert/9585f95c-c720-11e1-913c-5cf9dd2e7135000
刘力嘉,主任医师,疝与腹壁外科门诊,上海儿童医学中心(总院区),10.0,126,擅长：各类腹壁疝以及常见普外科疾病,￥150,￥400,https://www.guahao.com/expert/63b66882-bd1b-471d-9c91-6b34c363ff1d000
孙龙昊,主任医师,普外科,上海儿童医学中心(总院区),10.0,381,擅长：胆囊结石、胆囊息肉的微创手术治疗；病理性肥胖和糖...,￥20,￥50,https://www.guahao.com/expert/4ad07229-34d3-486c-bb0d-27eb39e86ca4000
宋洪江,主任医师,胃肠外科,上海儿童医学中心(总院区),10.0,50,擅长：腹腔镜胃癌根治术，胃癌（D2+CME）手术（淋巴...,￥100,暂无排班,https://www.guahao.com/expert/033C9082DEE61F26E0530F01A8C0F578000
尚红梅,主任医师,儿科,上海儿童医学中心(总院区),10.0,214,擅长：儿科常见病、多发病的诊治，开展了多动症、抽动症的...,￥20,None,https://www.guahao.com/expert/64b14ae3-198e-43c5-bffd-d6c2e049fb8a000
姚鸿超,主任医师,耳鼻咽喉头颈外科,上海儿童医学中心(总院区),10.0,157,擅长：耳鼻喉科鼻科专家，擅长慢性鼻炎、过敏性鼻炎，鼻窦...,￥30,None,https://www.guahao.com/expert/a368a434-2cc6-4577-aa3a-22a7fbddb453000
赵文洁,主任医师,(杨)中西医科特需门诊B,上海儿童医学中心(总院区),9.5,3720,擅长：运用现代医学的治病理念结合传统中医治疗的特色，治...,￥320,None,https://www.guahao.com/expert/129879229106432000
陈超,主任医师,头颈肿瘤外科,上海儿童医学中心(总院区),10.0,548,擅长：甲状腺肿瘤及头颈部肿瘤的外科治疗。头颈部复杂缺损...,￥30,暂无排班,https://www.guahao.com/expert/6ea80f05-dbf6-4b32-8d1f-6e729bd5f8f4000
张汉庆,主任医师,中医内科,上海儿童医学中心(总院区),10.0,7823,擅长：擅长骨关节创伤、骨性关节炎、颈肩腰腿痛、股骨头坏...,￥60,￥120,https://www.guahao.com/expert/95ccc506-c720-11e1-913c-5cf9dd2e7135000
白金玲,主任医师,心胸外科,上海儿童医学中心(总院区),10.0,4642,擅长：肺结节、肺癌、食管癌、肋骨骨折、胸骨骨折、自发性...,￥15,暂无排班,https://www.guahao.com/expert/a5965791-02ff-45ed-bfac-1f249c4ce02d000
李玲芳,主任医师,皮肤性病科,上海儿童医学中心(总院区),10.0,33656,擅长：对梅毒，淋病，尖锐湿疣，生殖器疱疹，艾滋病，尿道...,￥80,暂无排班,https://www.guahao.com/expert/fbc54ba9-cc35-46ca-b0a1-0725640ef652000
张峻岭,主任医师,临床心理科,上海儿童医学中心(总院区),10.0,13503,擅长：1、焦虑症、抑郁症、失眠症以及重性精神病（精神分...,￥50,￥50,https://www.guahao.com/expert/a4bd1ffe-e1cf-4bf5-ac4f-e7f19eca4a87000
张立明,主任医师,小儿内科,潍坊市人民医院,10.0,4180,擅长：治疗儿童肾炎、肾病综合症、泌尿系统感染等肾脏疾病...,￥60,￥100,https://www.guahao.com/expert/95294376-c720-11e1-913c-5cf9dd2e7135000
陆佳琦,主任医师,(杨)妇科特需门诊B,潍坊市人民医院,9.9,121,擅长：妇科良恶性肿瘤的规范化治疗，针对复发性妇科恶性肿...,￥100,暂无排班,https://www.guahao.com/expert/add5f8fe-613f-4d62-bcce-ac0cba761443000
陈拥军,主任医师,门诊普外,潍坊市人民医院,9.8,332,擅长：对肝脏肿瘤诊断和综合治疗有着丰富经验，擅长精准肝...,￥268,None,https://www.guahao.com/expert/2cd6f1b5-6264-43bb-be20-947b6f63af67000
孙彦隽,主任医师,儿胸外,潍坊市人民医院,10.0,359,擅长：擅长:大动脉转位、永存动脉干、单心室、肺静脉...,￥80,None,https://www.guahao.com/expert/b5e07ac0-537b-4f54-93f6-a412051a60fa000
郭元虎,主任医师,消化内科,潍坊市人民医院,10.0,1921,擅长：消化系统疾病（消化道和肝胆胰）常见病多发病及疑难...,￥60,None,https://www.guahao.com/expert/97253b05-c720-11e1-913c-5cf9dd2e7135000
周建松,主任医师,焦虑抑郁专科门诊,潍坊市人民医院,9.9,427,擅长：重性精神疾病，抑郁症，头疼失眠，青少年心理障碍,未开通,￥400,https://www.guahao.com/expert/6937ed50-f2fb-4b84-a388-e66665c4e4d1000
叶晓峰,主任医师,心外科,潍坊市人民医院,9.9,602,擅长：微创瓣膜手术，包含经导管主动脉瓣替换和二尖瓣修补...,￥20,￥20,https://www.guahao.com/expert/1f84108e-8d66-40fa-a78a-0b323b638cfe000
陈功,主任医师,神经外科,潍坊市人民医院,9.7,2314,擅长：微创和微侵袭治疗脑、脊髓血管病（如动脉瘤、海绵状...,￥200,￥488,https://www.guahao.com/expert/129220582935450000
陈栋,主任医师,器官移植,潍坊市人民医院,9.9,608,擅长：肝移植，肾移植的临床工作，对肝，肾移植的围手术期...,￥80,暂无排班,https://www.guahao.com/expert/4a85f54c-8bae-4191-a28b-e74d0b019fbd000
程磊,主任医师,耳鼻喉科,潍坊市人民医院,9.7,4448,擅长：专注于声带息肉，小结，白斑，肉芽，血管瘤，乳头状...,￥200,暂无排班,https://www.guahao.com/expert/131432016948122000
吴亚哲,主任医师,心内科,潍坊市人民医院,9.9,1432,擅长：心血管疾病，各种高血压、难治性高血压和继发性高血...,￥300,None,https://www.guahao.com/expert/8788c63d-42df-4865-bc7b-b375d0f443b0000
孙林琳,主任医师,口腔内科,潍坊市人民医院,10.0,10229,擅长：口腔溃疡，扁平苔藓，白斑，天疱疮，白塞病，灼口综...,￥150,￥150,https://www.guahao.com/expert/03C8459724CD1784E0530F01A8C0DDC0000
张燕娜,副主任医师,乳腺外科,潍坊市人民医院,10.0,426,擅长：乳腺癌的手术和综合治疗。非哺乳期乳腺炎的诊治。,￥260,暂无排班,https://www.guahao.com/expert/95e544f5-c720-11e1-913c-5cf9dd2e7135000
池涨才,副主任医师,耳鼻喉科,潍坊市人民医院,10.0,1156,擅长：耳鼻咽喉科各种常见病和多发病的诊治。尤其擅长耳科...,￥50,None,https://www.guahao.com/expert/f60faa75-a5e8-43a9-89ad-07aef81026d7000
丁一峰,副主任医师,神经内科,潍坊市人民医院,10.0,470,擅长：癫痫，结节性硬化症，热性惊厥，发作性运动障碍，化...,￥358,暂无排班,https://www.guahao.com/expert/d075934e-0d36-4b7a-b12c-9662a629e10e000
张波,副主任医师,血液科专家,潍坊市人民医院,10.0,1447,擅长：血液系统恶性肿瘤如多发性骨髓瘤，白血病，淋巴瘤以...,￥50,None,https://www.guahao.com/expert/3790a7b5-a1a7-43ec-94f2-00eb52f5c355000
李国民,副主任医师,风湿科,复旦大学附属儿科医院,10.0,81,擅长：过敏性紫癜、未分化结缔组织病、皮肌炎、系统性红斑...,￥100,暂无排班,https://www.guahao.com/expert/b27b1a35-78dd-44f1-bb89-66e3d40923f4000
张阳,主治医师,心内科,复旦大学附属儿科医院,10.0,44,擅长：内科疑难病例及常见心血管疾病冠心病，高血压，心力...,￥60,None,https://www.guahao.com/expert/ec8a94cc-ca82-47c2-865d-8221a9b0cc8f000
赵翔,副主任医师,小儿泌尿外科专科,复旦大学附属儿科医院,10.0,21,擅长：擅长小儿外科各种常见病诊治，尤其擅长小儿泌尿生殖...,￥100,暂无排班,https://www.guahao.com/expert/3a89d4e3-aa83-4a0a-9e9a-bd65f3d377a2000
孙静芬,副主任医师,门诊眼科,复旦大学附属儿科医院,9.8,359,擅长：各类常见眼病，专长青光眼治疗和眼底激光等。,￥50,￥100,https://www.guahao.com/expert/5fbf33c1-c3e1-4c66-83b9-1cbc7f5f12ae000
丁言言,主治医师,耳鼻喉门诊,复旦大学附属儿科医院,10.0,128,擅长：耳鼻咽喉科常见疾病比如突发性耳聋、耳鸣，外耳道炎...,￥65,￥100,https://www.guahao.com/expert/a8a09f78-8102-4d1a-ae7b-a68c958d293c000
韩莹,副主任医师,口腔黏膜科,复旦大学附属儿科医院,10.0,38,擅长：白斑，扁平苔藓，复发性口腔溃疡，多形红斑，天疱疮...,￥150,￥400,https://www.guahao.com/expert/9789f872-c720-11e1-913c-5cf9dd2e7135000
张旻中,副主任医师,儿外科,复旦大学附属儿科医院,10.0,309,擅长：1.先天性巨结肠及肛门直肠畸形的手术及并发症处理...,￥68,￥50,https://www.guahao.com/expert/efdacc40-029a-46e9-b9d7-598b41ce0ebf000
丁新宇,主治医师,胸外科,复旦大学附属儿科医院,10.0,1040,擅长：严重胸部创伤的诊治。肺部小结节的诊治及单孔胸腔镜...,￥68,暂无排班,https://www.guahao.com/expert/5264c2e5-07e9-47f2-98ce-7eb2d6777a9f000
陈波,副主任医师,心血管内科,复旦大学附属儿科医院,10.0,42383,擅长：高血压、晕厥、冠心病心绞痛、心肌梗死、心律失常、...,￥69,￥200,https://www.guahao.com/expert/5deca9d4-6f91-469e-a0a6-f5ea076b9368000
王凯,副主任医师,儿内科,复旦大学附属儿科医院,10.0,6,擅长：儿童常见疾病的综合诊疗，擅长儿童心血管疾病的诊治...,￥99,￥189,https://www.guahao.com/expert/a919d7f2-e9d7-4cc0-9d79-5f1310a21351000
孔令英,副主任医师,产科门诊,复旦大学附属儿科医院,10.0,633,擅长：围产医学，高危妊娠，妊娠期并发症，糖尿病，难产，...,￥88,￥199,https://www.guahao.com/expert/94b114be-8990-4fdf-a98f-0c3bed52596c000
崔爱庆,副主任医师,医保科,复旦大学附属儿科医院,10.0,2860,擅长：中医类医保,￥20,￥50,https://www.guahao.com/expert/c7014652-7c20-42e9-a4f6-3ef7f63a5e63000
沈军,主任医师,内科感染科,复旦大学附属儿科医院,9.9,365,擅长：感染性发热、EB病毒、CMV病毒、乙肝、丙肝等感...,￥300,None,https://www.guahao.com/expert/a8da75c8-5773-4aba-b4a6-973b9f78d9e9000
吴庆军,主任医师,风湿免疫科,复旦大学附属儿科医院,9.9,2438,擅长：诊治系统性红斑狼疮、干燥综合征、类风湿关节炎、脊...,未开通,None,https://www.guahao.com/expert/d99e88e6-5770-4209-9001-ed7bfc4ce180000
陈涵,主任医师,心理咨询,复旦大学附属儿科医院,9.9,7723,擅长：焦虑症、抑郁症、进食障碍、失眠症、强迫症，以及各...,￥400,￥1000,https://www.guahao.com/expert/10f9cd64-3188-47b3-a612-23c0764bf330000
杨成,副主任医师,心外科,复旦大学附属儿科医院,9.8,227,擅长：迷你切口微创治疗风湿性心脏病，瓣膜修复及置换，先...,￥300,￥300,https://www.guahao.com/expert/130404055798258000
董瑞,主任医师,普外科,复旦大学附属儿科医院,10.0,754,擅长：小儿肿瘤外科、普外科，包括是儿童各类肿瘤，肝胆畸...,￥50,￥199,https://www.guahao.com/expert/bed226ba-faa9-4c25-8659-0f335ed0c5bf000
钱云,主任医师,老年神经内科门诊,复旦大学附属儿科医院,10.0,2495,擅长：神经内科、老年科常见病多发病诊治,￥300,￥500,https://www.guahao.com/expert/144723575057779000
徐斌,主任医师,神经外科,复旦大学附属儿科医院,9.8,4150,擅长：脑、脊髓的血管性疾病：包括动脉瘤、血管畸形、烟雾...,￥300,暂无排班,https://www.guahao.com/expert/125618827489778000
张敏敏,主任医师,肾病科,复旦大学附属儿科医院,9.9,1103,擅长：各类急慢性肾病，糖尿病肾病，慢性肾功能衰竭及尿毒...,￥158,None,https://www.guahao.com/expert/394b0aba-3094-4fdd-868e-8810e19a44b1000
贾一新,主任医师,心外科,复旦大学附属儿科医院,10.0,51,擅长：心脏瓣膜病（二尖瓣及主动脉瓣修复）、心脏移植、人...,￥200,￥300,https://www.guahao.com/expert/a88c36af-6120-4bca-82b2-25325d40c8e0000
何朝荣,主任医师,心血管内科,复旦大学附属儿科医院,10.0,515,擅长：冠心病，心律失常及血栓性疾病防治,￥30,None,https://www.guahao.com/expert/9560721b-c720-11e1-913c-5cf9dd2e7135000
刁鸿英,主任医师,心血管内科,复旦大学附属儿科医院,10.0,6960,擅长：冠心病(心绞痛、心肌梗死)、高血压、心律失常、心...,￥30,暂无排班,https://www.guahao.com/expert/b7c126ae-4412-4548-a04f-8daf40af8e66000
张冰,主任医师,口腔颌面外科诊室,复旦大学附属儿科医院,10.0,60,擅长：口腔颌面外科良性肿瘤，颌面部感染，颞颌关节紊乱病...,￥58,None,https://www.guahao.com/expert/aa17a20b-d39a-41f5-a7a8-694a8b4e1b2b000
李志刚,主任医师,胸外科,复旦大学附属儿科医院,10.0,2960,擅长：胸外科所有常见疾病的外科治疗。尤其擅长胸腔镜微创...,￥500,￥500,https://www.guahao.com/expert/53cbff0c-cf63-4399-a2d8-b4b6fa4e00ec000
赵晓刚,主任医师,胸外科,复旦大学附属儿科医院,9.9,1897,擅长：磨玻璃结节、GGN、GGO、磨玻璃影、肺部小结节...,￥900,￥1200,https://www.guahao.com/expert/8251be90-ca74-4005-8302-71030b41000c000
俞小芳,主任医师,肾病科,复旦大学附属儿科医院,9.9,2527,擅长：血尿、蛋白尿、慢性肾炎尤其是膜性肾病、肾功能减退...,￥400,￥1000,https://www.guahao.com/expert/77f22deb-385f-4aff-8d4b-b6db0f806b5f000
沈捷,主任医师,心血管专科,复旦大学附属儿科医院,9.9,1155,擅长：先天性心脏病的介入治疗以及心律失常、川崎病、肺动...,￥200,None,https://www.guahao.com/expert/a9df30b4-215b-44f4-b41a-faf4c76498bb000
张朝香,主任医师,心内科,复旦大学附属儿科医院,10.0,570,擅长：冠心病、心律失常、心肌炎、心肌病、心力衰竭、高血...,￥300,￥300,https://www.guahao.com/expert/b478dc67-558d-43e4-bbbb-edef7dc64dd2000
颜炳柱,主任医师,感染病科,复旦大学附属儿科医院,10.0,1759,擅长：各种肝病；艾滋病的阻断与暴露；狂犬病的阻断与暴露...,￥40,￥100,https://www.guahao.com/expert/c83180a5-99dd-4068-8315-887f2fbd22c2000
罗庆志,主治医师,心血管内科,复旦大学附属儿科医院,10.0,2114,擅长：室上速，早搏，房扑房颤等快速型心律失常消融治疗，...,￥65,None,https://www.guahao.com/expert/4e2947ac-35e1-4503-99bc-92d6043a7266000
李超,副主任医师,肾内科,复旦大学附属儿科医院,9.9,143,擅长：膜性肾病、狼疮性肾炎等原发和继发性肾小球疾病,￥200,None,https://www.guahao.com/expert/e580b7d4-6806-425e-96e4-1c2194546235000
陈伟贤,主任医师,神经内科门诊,江苏省人民医院,9.9,2021,擅长：脑血管病，神经系统变性病，神经系统感染性疾病及周...,￥200,￥200,https://www.guahao.com/expert/138716592484630000
赵洪波,主任医师,妇科专家门诊A,江苏省人民医院,10.0,35992,擅长：多囊卵巢综合症、卵巢早衰、围绝经期综合症、不孕症...,￥80,None,https://www.guahao.com/expert/819ecccf-ab36-4940-b14c-8242fd97ab2a000
彭靖,主治医师,妇科门诊,江苏省人民医院,10.0,3195,擅长：专长微创单孔腹腔镜手术（LESS)和经阴道单孔腹...,￥79,￥88,https://www.guahao.com/expert/38e649d6-c9a8-41f4-ba32-b0906e0b1d64000
吴洁,主任医师,儿内科,江苏省人民医院,9.3,729,擅长：儿内科疾病的诊治，特别是小儿神经系统疾病的诊断和...,￥300,None,https://www.guahao.com/expert/67fb62d5-262d-4509-be1c-5f6f485cfbe2000
胡新华,主任医师,血管甲状腺,江苏省人民医院,10.0,1638,擅长：血管外科及甲状腺外科，擅长胃肠、肝胆、胰腺、疝、...,￥500,暂无排班,https://www.guahao.com/expert/1fb9e953-7e80-43be-bc74-2df183ba5468000
肖喜荣,主任医师,(黄)产科专家门诊B,江苏省人民医院,10.0,1145,擅长：双胎、胎儿生长受限、胎儿超声异常、妊娠期高血压、...,￥260,￥300,https://www.guahao.com/expert/2490926d-e451-412c-829c-32e3c5205447000
童凡,主任医师,遗传代谢科,江苏省人民医院,10.0,14696,擅长：专业方向为先天性出生缺陷、新生儿遗传代谢病筛诊治,￥88,暂无排班,https://www.guahao.com/expert/c451c642-283b-49c0-84b1-540c3e45f2e6000
魏俊,主任医师,产科,江苏省人民医院,9.9,1453,擅长：围产期保健，各种高危妊娠，包括：妊娠期糖尿病，妊...,￥500,￥500,https://www.guahao.com/expert/95e6343f-c720-11e1-913c-5cf9dd2e7135000
时雨,副主任医师,胸外科,江苏省人民医院,10.0,831,擅长：胸部恶性肿瘤及良性疾病的微创治疗，包括肺部玻璃结...,￥500,None,https://www.guahao.com/expert/4e032cc4-3e7a-49e2-b59a-a514f162236f000
陆鹏荣,副主任医师,(杨)妇科特需门诊B,江苏省人民医院,9.5,1261,擅长：妇科各种疑难杂症的诊治；卵巢囊肿、子宫肌瘤及不孕...,￥300,￥350,https://www.guahao.com/expert/126352157150707000
代世摩,副主任医师,心内科,江苏省人民医院,10.0,1658,擅长：各种疑难复杂室上性心动过速，预激综合征的射频消融...,￥100,None,https://www.guahao.com/expert/0a720c6d-aa9c-46e8-ba4a-857f936a87d2000
高波涛,副主任医师,儿胸外,江苏省人民医院,10.0,1114,擅长：简单先心病如房缺、室缺等的微创手术，大血管疾病如...,￥50,￥100,https://www.guahao.com/expert/65022d6d-f5c2-41dc-bfad-3db69b65d643000
林焕懿,主治医师,泌尿外科,江苏省人民医院,10.0,94,擅长：性功能障碍前列腺炎肾结石包皮疾病...,￥50,暂无排班,https://www.guahao.com/expert/a260b13e-f877-41c7-a2c7-029a00d8f992000
严志聪,主治医师,神经科,江苏省人民医院,10.0,101,擅长：头晕、各种头痛及脑血管疾病，失眠等多发病，常见病,￥80,None,https://www.guahao.com/expert/79bae77b-3352-4221-afb7-a01a31334bd8000
夏韦艺,主治医师,眼科,江苏省人民医院,10.0,642,擅长：儿童与成人斜视的手术或保守治疗；小儿眼科常见疾病...,￥75,暂无排班,https://www.guahao.com/expert/c894d380-d604-474b-8667-4781b14a50ce000
刘玉建,主治医师,心血管内科,江苏省人民医院,10.0,518,擅长：从事心脏病诊治工作。医学博士。自参加工作以来一直...,￥30,None,https://www.guahao.com/expert/6cafb423-81eb-4030-ad00-040f46b8e7d6000
沈子妍,主治医师,肾病科,复旦大学附属中山医院,10.0,259,擅长：痛风与高尿酸肾病、肿瘤相关肾损伤,￥60,None,https://www.guahao.com/expert/251a6fad-8d76-461a-89d5-22940064dae1000
王颖,副主任医师,核医学科,复旦大学附属中山医院,10.0,83,擅长：擅长甲状腺功能亢进及甲状腺癌的碘131I治疗；甲...,￥39,None,https://www.guahao.com/expert/50496748-a9a5-4973-9f0a-256bb0d76399000
刘黎黎,主治医师,消化科,复旦大学附属中山医院,10.0,82,擅长：慢性肝病、肝硬化及其并发症，食管胃底静脉曲张、门...,￥100,None,https://www.guahao.com/expert/fd543214-bb5f-41a6-b313-0075f197134c000
季相通,主治医师,康复医学科,复旦大学附属中山医院,9.9,56,擅长：常见康复医学相关疾病,￥80,￥280,https://www.guahao.com/expert/dbbf7ac8-5085-42f6-8485-a68ec8387dc7000
伍俊萍,副主任医师,(黄)妇科专家门诊B,复旦大学附属中山医院,9.6,773,擅长：各年龄段妇科内分泌疾病：功血、月经失调、闭经、不...,￥200,None,https://www.guahao.com/expert/126353097693419000
钱金凤,副主任医师,(杨)妇科专家门诊B,复旦大学附属中山医院,10.0,2233,擅长：不孕不育，流产，生殖内分泌疾病，计划生育疑难杂症...,￥100,None,https://www.guahao.com/expert/0ae22bd6-b6f0-4a3a-93ca-df4e3ce27494000
王成龙,副主任医师,疼痛科,复旦大学附属中山医院,10.0,157,擅长：擅长腰椎间盘突出、颈椎病等脊柱源性疼痛，带状疱疹...,￥79,￥299,https://www.guahao.com/expert/062d4c15-d1d1-4277-9e19-025b46853fea000
叶双梅,副主任医师,妇科,复旦大学附属中山医院,10.0,2658,擅长：月经紊乱和妇科炎症的规范诊疗。宫腔病变，子宫肌瘤...,未开通,￥100,https://www.guahao.com/expert/9a62ca6e-5dc9-41a8-ab99-41d6e00b4b02000
黄金波,副主任医师,血液内科,复旦大学附属中山医院,10.0,369,擅长：再生障碍性贫血、骨髓增生异常综合症，纯红细胞再生...,￥100,￥300,https://www.guahao.com/expert/edda782c-ded8-4726-8757-d151ac66ff17000
吴少峰,副主任医师,泌尿外科,复旦大学附属中山医院,10.0,1149,擅长：从事儿童泌尿生殖系统疾病的临床十多年，具有肾脏移...,￥100,￥200,https://www.guahao.com/expert/d7c12ef1-137b-4593-8e98-b517ecd82f15000
许戎,主任医师,肾内科,复旦大学附属中山医院,10.0,1249,擅长：各种急性和慢性肾炎，急性和慢性肾衰竭，尿毒症，血...,未开通,￥300,https://www.guahao.com/expert/dd2a9085-786b-4e33-a3d7-3dd08ac40f04000
张小崔,主治医师,心理咨询门诊,复旦大学附属中山医院,10.0,847,擅长：青少年情绪障碍、抑郁症、强迫症等疾病的评估、诊断...,￥150,暂无排班,https://www.guahao.com/expert/5477278d-14c9-4566-a3f6-309199dd42a5000
艾志龙,主任医师,普外科高级专家门诊,复旦大学附属中山医院,10.0,3185,擅长：头颈外科、甲状腺、甲状旁腺疾病,￥300,None,https://www.guahao.com/expert/125810926355848000
张鹏,副主任医师,胃肠外科,复旦大学附属中山医院,10.0,1046,擅长：对各类胃肠道肿瘤、肥胖及肥胖相关代谢并发症的外科...,￥60,暂无排班,https://www.guahao.com/expert/178ff065-df23-45ae-8112-1eb81db45649000
姚晓峰,副主任医师,颌面耳鼻肿瘤科,复旦大学附属中山医院,10.0,497,擅长：甲状腺肿瘤、腮腺肿瘤、颌下腺肿瘤、喉部肿瘤、下咽...,￥50,None,https://www.guahao.com/expert/ceb31c6e-bf9d-49a9-97c2-007270689257000
毛玉虎,主任医师,口腔科,复旦大学附属中山医院,10.0,3762,擅长：先天性唇、腭裂等颌面部畸形的修复、颌面部外伤、口...,￥20,￥50,https://www.guahao.com/expert/972601e1-c720-11e1-913c-5cf9dd2e7135000
曹金霞,主任医师,神经心理科,连云港市第二人民医院东院,10.0,13864,擅长：头痛，头晕，脑卒中，失眠，焦虑，抑郁及各种躯...,￥50,￥60,https://www.guahao.com/expert/D5E427DA04F34AE1BD251B0C2B31FF08000
董健,主任医师,骨科高级专家门诊,连云港市第二人民医院东院,9.7,1278,擅长：对颈椎病、腰突症、腰椎滑脱、椎管狭窄症、脊柱骨折...,￥600,￥880,https://www.guahao.com/expert/125990111084943000
许耀强,主任医师,小儿心脏外科,连云港市第二人民医院东院,10.0,837,擅长：各类先天性心脏病的诊断，外科治疗和围术期处理。,￥80,￥200,https://www.guahao.com/expert/35861f36-d228-4b3b-87a0-de78c3f84ce1000
包映晖,主任医师,神外科,连云港市第二人民医院东院,10.0,593,擅长：颅脑肿瘤和脊髓肿瘤的显微手术，脑血管病的微创手术...,￥100,None,https://www.guahao.com/expert/64590a8b-0fde-4345-a5fc-f958f3d5996a000
管维,主任医师,泌尿外科,连云港市第二人民医院东院,9.9,229,擅长：专业方向：泌尿系统肿瘤的综合诊治，擅长腹腔镜及机...,￥90,None,https://www.guahao.com/expert/0077e09c-c62a-4d2e-aa26-94be90d55a22000
金成华,主任医师,普胸外科,连云港市第二人民医院东院,10.0,171,擅长：胸外科常见疾病,￥158,￥188,https://www.guahao.com/expert/3600bbd7-607b-4b71-b31a-0c7c6413dd80000
俞超芹,主任医师,中医妇科,连云港市第二人民医院东院,9.7,1279,擅长：妇科肿瘤（卵巢癌、子宫内膜癌、宫颈癌、乳腺癌等）...,￥100,None,https://www.guahao.com/expert/ed0f9f75-0ba3-42eb-ba48-2589794a50c5000
李玉峰,主任医师,儿内科肾脏,连云港市第二人民医院东院,10.0,878,擅长：擅长各种儿童原发性和继发性肾小球疾病（如肾小球肾...,￥150,None,https://www.guahao.com/expert/50a57556-0238-46cc-8684-ebdd2d4a5a40000
林勇,主任医师,呼吸科,连云港市第二人民医院东院,10.0,271,擅长：在近四十年的临床实践中，积累了丰富的临床经验，尤...,￥189,￥249,https://www.guahao.com/expert/20a97d4e-1381-4325-af08-80c39b62d3be000
杨申,主任医师,神经内科,连云港市第二人民医院东院,10.0,7144,擅长：头痛，头晕，失眠，焦虑，颈椎病，脑梗死，脑出血，...,￥30,￥60,https://www.guahao.com/expert/c5b620e2-c8e0-461b-b531-635e7edf5020000
刘琛,主任医师,心外科,连云港市第二人民医院东院,9.9,686,擅长：各种微创瓣膜成形术、替换术，冠脉搭桥术，先心病，...,￥200,￥300,https://www.guahao.com/expert/f54f2150-fe9b-4cd5-80f7-23da0aec0564000
陈令松,主任医师,血液科,连云港市第二人民医院东院,10.0,4041,擅长：白血病、淋巴瘤及骨髓瘤等血液肿瘤的诊断与治疗、各...,￥30,￥60,https://www.guahao.com/expert/D5D53D8449984976B60E53E91D756F1C000
蔡斌,主任医师,妇产科,连云港市第二人民医院东院,10.0,2001,擅长：子宫肌瘤、卵巢囊肿、子宫内膜异位症、卵巢癌、子宫...,￥99,￥130,https://www.guahao.com/expert/ae1b1bf3-7527-4da5-9baf-83180caa254c000
许瑞英,主任医师,小儿内科,连云港市第二人民医院东院,10.0,1726,擅长：儿科肾脏疾病（肾炎、肾病、溶血尿毒综合征等）及内...,￥50,None,https://www.guahao.com/expert/953d8b45-c720-11e1-913c-5cf9dd2e7135000
陈蔚琳,主任医师,妇科,连云港市第二人民医院东院,9.8,1078,擅长：常见妇科良性肿瘤，宫外孕，习惯性流产，早孕保胎，...,￥500,None,https://www.guahao.com/expert/90998d96-8873-49d8-a93a-aaba877775f3000
王强,主任医师,皮肤科,连云港市第二人民医院东院,9.7,1322,擅长：湿疹、荨麻疹、银屑病、血管炎、皮肌炎、红斑狼疮和...,￥300,￥350,https://www.guahao.com/expert/125809891778802000
魏威胜,主任医师,皮肤科,东莞市石排医院,10.0,19441,擅长：擅长恐艾，艾滋病咨询，尖锐湿疣，生殖器疱疹，淋病...,￥19,￥500,https://www.guahao.com/expert/16e26d59-cb74-493b-b658-e367838c2fde000
俞梅,主任医师,妇科,东莞市石排医院,10.0,886,擅长：各种妇科良恶性肿瘤的诊治，包括子宫内膜癌、卵巢癌...,未开通,￥899,https://www.guahao.com/expert/968910dc-c720-11e1-913c-5cf9dd2e7135000
徐蔚海,主任医师,神经科,东莞市石排医院,9.8,613,擅长：疑难脑卒中，青年卒中，中枢神经系统疾病疑难疾病，...,未开通,None,https://www.guahao.com/expert/9536dcb7-c720-11e1-913c-5cf9dd2e7135000
蔡俐琼,主任医师,妇科门诊,东莞市石排医院,9.9,865,擅长：主要从事妇科肿瘤的临床诊断与治疗，擅长各类腔镜下...,￥150,￥120,https://www.guahao.com/expert/79631489-4659-449a-a8f1-6799d0bb2ef4000
李渊,主任医师,消化科,东莞市石排医院,10.0,319,擅长：各种消化道疾病，尤其是早期胃癌、食管癌及癌前病变...,￥120,￥260,https://www.guahao.com/expert/968e2193-0c20-41a1-9d7a-0dcca1b9e0b9000
王海灏,主任医师,心脏大血管外科,东莞市石排医院,10.0,808,擅长：各类先天性心脏病、冠心病、心脏瓣膜病、主动脉夹层...,￥30,None,https://www.guahao.com/expert/289629f8-ff5c-40ec-b834-d200cef86bd1000
徐锋,副主任医师,神经外科,东莞市石排医院,9.9,906,擅长：脑血管病和脑肿瘤的显微外科手术及血管内介入治疗，...,￥100,None,https://www.guahao.com/expert/169acaa8-a957-4d5c-a960-a037d6222fdd000
汪启斌,主任医师,普通外科,东莞市石排医院,10.0,9546,擅长：普外科微创手术治疗胃癌、结肠癌、胆囊结石、肝管结...,￥20,￥20,https://www.guahao.com/expert/95622a04-c720-11e1-913c-5cf9dd2e7135000
周英,主任医师,皮肤科门诊,东莞市石排医院,9.8,1248,擅长：银屑病、皮炎、湿疹、荨麻疹、痤疮、玫瑰痤疮、扁平...,￥199,暂无排班,https://www.guahao.com/expert/943d1da0-3731-45a8-ac25-83d366536f7a000
陈雪莉,主任医师,眼科专家,东莞市石排医院,9.8,1051,擅长：各类原发性青光眼、继发性青光眼、发育性青光眼、难...,￥158,暂无排班,https://www.guahao.com/expert/64aef52c-b1f1-47f5-bccd-7f140f372468000
田彦龙,副主任医师,神经外科,东莞市石排医院,9.7,367,擅长：脑脊髓血管病（脑动脉瘤、脑动静脉畸形、硬脑膜动静...,￥300,￥800,https://www.guahao.com/expert/94457a70-e3ef-47f7-b4de-0e76ec0355ab000
宋瑞祥,主治医师,泌尿外科,东莞市石排医院,10.0,6093,擅长：前列腺炎、早泄、勃起功能障碍、精索静脉曲张、弱精...,￥35,￥45,https://www.guahao.com/expert/1f80417e-6740-4d11-a7d0-dd0deb7914f5000
贾红蔚,主任医师,内分泌科,东莞市石排医院,10.0,3707,擅长：糖尿病和甲状腺疾病的诊治,￥50,￥80,https://www.guahao.com/expert/FEC007C4FB091EF0E040A8C00F012C86000
张峰,主任医师,儿童保健中心,东莞市石排医院,9.9,667,擅长：儿童保健，小儿生长发育与营养，计划免疫，婴幼儿喂...,￥100,None,https://www.guahao.com/expert/b9e5456a-b39c-47fb-ba72-b1ec395e8ad2000
王一梅,副主任医师,肾病科,东莞市石排医院,10.0,3153,擅长：急性肾损伤、血尿蛋白尿、慢性肾功能不全、高尿酸血...,￥100,None,https://www.guahao.com/expert/28369b6a-5d05-415d-824b-7a48f8c47b59000
刘鼎义,主治医师,小儿胸外科,东莞市石排医院,10.0,251,擅长：常见小儿胸外科相关疾病胸壁畸形:漏斗胸、鸡胸、叉...,￥50,None,https://www.guahao.com/expert/873b06cf-75ae-4f20-995e-268bdb9c581a000
亓向同,副主任医师,脊柱外科,泰安市中心医院,10.0,8187,擅长：对颈腰椎骨折、颈腰椎间盘突出症、腰椎间盘突出症的...,￥60,￥60,https://www.guahao.com/expert/357c3f30-e231-420d-be3c-e805f97d3044000
王永春,副主任医师,泌尿外科,泰安市中心医院,10.0,122627,擅长：泌尿外科常见疾病，如前列腺增生，前列腺炎，肾结石...,￥39,￥90,https://www.guahao.com/expert/50442526-752b-4a92-9b50-c5bea23b6bc2000
姚霁航,副主任医师,妇科,泰安市中心医院,10.0,3142,擅长：微创手术，腹腔镜卵巢子宫良性病变切除，尤其擅长宫...,￥200,￥200,https://www.guahao.com/expert/469d3add-3b34-4d1e-b38f-336bda20a776000
钱智勇,副主任医师,心血管内科,泰安市中心医院,10.0,116,擅长：心脏起搏与射频消融,￥40,None,https://www.guahao.com/expert/b47f1787-6fe5-4d98-b58a-7defd56d1fc6000
沈文俊,副主任医师,神经外科,泰安市中心医院,10.0,981,擅长：手术微创，擅长将内镜、介入、锁孔、导航及血管吻合...,￥160,￥200,https://www.guahao.com/expert/a7c941f0-c2fc-4af6-b9b3-00dc71d6d1ff000
罗鸣,副主任医师,骨科,泰安市中心医院,10.0,1010,擅长：熟悉四肢、关节、脊柱常见疾病的诊治，尤其是关节周...,￥29,￥99,https://www.guahao.com/expert/390eca71-e899-4a6b-88d2-2fe72e8b8ebc000
侯麦花,主任医师,皮肤科门诊,泰安市中心医院,9.9,2485,擅长：梅毒，痤疮，银屑病，及各种疑难危重少见性皮肤病的...,￥200,￥200,https://www.guahao.com/expert/f1af5aa1-f64c-4f58-b5e7-b1a92b3ecca6000
王一倩,主任医师,消化内科,泰安市中心医院,10.0,6163,擅长：消化内科疾病的诊治，如幽门螺杆菌感染的治疗，慢性...,￥80,￥288,https://www.guahao.com/expert/127555029851093000
尹慧彬,主治医师,皮肤科,泰安市中心医院,9.9,1646,擅长：过敏性皮肤病、痤疮、玫瑰痤疮，对银屑病及白癜风的...,￥59,￥150,https://www.guahao.com/expert/3e7025d4-687f-4097-b78e-74044f1d2e48000
赖伟红,副主任医师,皮肤科,泰安市中心医院,10.0,8688,擅长：皮肤病与性病的诊断、治疗和医学咨询；性病和艾滋病...,￥149,None,https://www.guahao.com/expert/bd6bd440-aa2e-45b4-815e-2bb8bb639d8c000
刘召军,副主任医师,呼吸与危重症医学科,泰安市中心医院,10.0,467,擅长：重症医学科的相关疾病，如多脏器衰竭、急性重症胰腺...,￥280,￥580,https://www.guahao.com/expert/78fa391e-c2b8-4409-bf9d-841612ce0bc6000
邓侠兴,主任医师,门诊普外,泰安市中心医院,9.8,223,擅长：肝胆胰疾病的外科及微创治疗包括达芬奇机器人手术，...,￥50,暂无排班,https://www.guahao.com/expert/a132ab8c-ed9c-4dc4-87ec-99ccb777710f000
朱小军,副主任医师,骨与软组织肿瘤科,泰安市中心医院,10.0,1641,擅长：骨与软组织肿瘤疾病的诊治，脊柱转移瘤的外科治疗，...,￥100,￥300,https://www.guahao.com/expert/2ef54de4-7b60-4a1f-932c-4ba2fa83f505000
田磊,主任医师,心内科,泰安市中心医院,10.0,1781,擅长：冠心病介入（支架植入术）治疗。冠心病、急性心梗，...,￥100,￥300,https://www.guahao.com/expert/67b60b55-230a-4172-9cb0-d51fc11f793c000
徐涵,副主任医师,门诊皮肤科,泰安市中心医院,10.0,1626,擅长：治疗脱发、痤疮、玫瑰痤疮或酒渣鼻，对皮肤科常见病...,￥100,None,https://www.guahao.com/expert/553e4da3-f601-48b1-a868-a0d7035fa4a1000
许莉军,主任医师,内分泌与代谢病科门诊,泰安市中心医院,10.0,368,擅长：糖尿病及其急慢性并发症（糖尿病肾病、糖尿病周围神...,￥50,None,https://www.guahao.com/expert/5928eaeb-ed02-4d57-9f19-eb7f7a7792f1000
荣先芳,副主任医师,眼科,复旦大学附属眼耳鼻喉科医院,9.9,122,擅长：擅长各种眼病，主攻白内障与晶状体相关疾病及手术治...,￥100,None,https://www.guahao.com/expert/5603c7f9-cbf1-4dd1-9466-bc9cd100761a000
张晓燕,主任医师,(黄)妇科特需门诊B,复旦大学附属眼耳鼻喉科医院,9.9,4139,擅长：妇科常见病、多发病的诊治，月经失调，盆腔炎，阴道...,￥118,暂无排班,https://www.guahao.com/expert/48b19317-d78a-40bf-8136-e714dd95b59e000
徐蕴岚,主任医师,儿骨科,复旦大学附属眼耳鼻喉科医院,9.9,892,擅长：特别擅长各种先天性、后天性手足畸形的矫形和重建，...,￥120,￥500,https://www.guahao.com/expert/6d96b9bb-4492-4afb-a3eb-93d5408826f1000
黄云,主任医师,心理咨询门诊,复旦大学附属眼耳鼻喉科医院,10.0,3846,擅长：失眠、焦虑、抑郁、精神分裂症，躁狂抑郁症、青少年...,￥200,￥399,https://www.guahao.com/expert/1994427b-cb59-4ace-a5cd-b127d01b3eb8000
陈波斌,主任医师,血液科,复旦大学附属眼耳鼻喉科医院,9.9,2250,擅长：主要擅长于各种疑难淋巴瘤、骨髓瘤、白血病、贫血、...,￥200,None,https://www.guahao.com/expert/66d0a680-cc8c-4ef7-abb6-36705bcb4124000
赵文增,主任医师,心血管外科(河医院区),复旦大学附属眼耳鼻喉科医院,10.0,154,擅长：各种先心病矫治术，瓣膜置换术，夹层动脉瘤手术和冠...,￥20,None,https://www.guahao.com/expert/022530d1-574a-4e25-b054-63d4a7de35c3000
邱斌,主任医师,胸外科,复旦大学附属眼耳鼻喉科医院,10.0,32,擅长：肺结节、磨玻璃结节、多发GGO的鉴别诊断、无创定...,￥1000,暂无排班,https://www.guahao.com/expert/fa3ed38e-2204-415f-8b8b-e973d5b5fc27000
白强,主任医师,泌尿外科,复旦大学附属眼耳鼻喉科医院,9.8,460,擅长：阳痿、早泄、性欲减退、手淫、时间短射精快、射精疼...,￥0,None,https://www.guahao.com/expert/49779fcf-81f3-46c9-b479-d25886122aa2000
高泳涛,主任医师,妇科,复旦大学附属眼耳鼻喉科医院,9.9,3983,擅长：擅长宫颈疾病、子宫内膜增生症、子宫肌瘤、卵巢囊肿...,￥200,None,https://www.guahao.com/expert/97f87020-0320-4bd3-bc4f-8a22d5c4354b000
富灵杰,主任医师,脊柱外科,复旦大学附属眼耳鼻喉科医院,9.9,1336,擅长：1.脊柱微创手术：腰椎间盘突出症、颈椎病、胸腰...,￥69,￥119,https://www.guahao.com/expert/c843fd13-e501-4820-9369-ec3b282202bf000
罗莉,主任医师,内分泌科门诊,复旦大学附属眼耳鼻喉科医院,10.0,2762,擅长：甲亢、加减、甲状腺结节、糖尿病、内分泌疾病的诊断...,￥50,￥200,https://www.guahao.com/expert/97701a78-c720-11e1-913c-5cf9dd2e7135000
张翀,主任医师,肾脏内科,复旦大学附属眼耳鼻喉科医院,10.0,578,擅长：各种原发和继发性肾脏病如肾病综合征、肾小球肾炎、...,￥150,￥150,https://www.guahao.com/expert/896ae68f-099d-48c1-9615-1424701e7c77000
温春玲,主任医师,儿科门诊,复旦大学附属眼耳鼻喉科医院,10.0,14746,擅长：新生儿及婴幼儿常见病、如发热、急性呼吸道感染、急...,￥99,￥89,https://www.guahao.com/expert/96c8553a-c720-11e1-913c-5cf9dd2e7135000
朱翠云,主任医师,肝病科,复旦大学附属眼耳鼻喉科医院,10.0,766,擅长：长期从事感染性疾病临床工作，熟悉各种常见传染病（...,￥200,￥500,https://www.guahao.com/expert/6f74a05c-1222-4a5f-aedc-3bcc228421ec000
赵威,主任医师,消化科,复旦大学附属眼耳鼻喉科医院,10.0,648,擅长：肠易激综合征，便秘，腹泻，腹胀，消化不良，胃食管...,￥100,暂无排班,https://www.guahao.com/expert/f90be06f-a4e3-41f3-b47c-3fb2405758ad000
苏锦松,主任医师,结直肠肛门外科(郑东)(郑东院区),复旦大学附属眼耳鼻喉科医院,10.0,29,擅长：擅长肠道外科，肛肠外科，腹部外科的微创手术治疗。...,￥30,￥200,https://www.guahao.com/expert/59b15730-6bce-4a42-ab0f-a7d1d1abdf54000
张艳艳,主任医师,风湿免疫科,山东中医药大学附属医院,10.0,328,擅长：：治疗类风湿关节炎、强直性脊柱炎、系统性红斑狼疮...,￥50,￥50,https://www.guahao.com/expert/968a4633-c720-11e1-913c-5cf9dd2e7135000
苏冬菊,主任医师,呼吸内科,山东中医药大学附属医院,10.0,141,擅长：肺部感染性疾病、肺心病、肺癌、支气管哮喘、胸腔积...,￥50,None,https://www.guahao.com/expert/666f2767-47b2-42a4-90e9-eade5558efa2000
唐阁,主任医师,中医科,山东中医药大学附属医院,10.0,3183,擅长：天津中医药大学第一附属医院肾内科副主任医师,￥20,暂无排班,https://www.guahao.com/expert/8686ea1e-df3d-4317-8db4-cb162c7c9409000
邹善华,主任医师,血液科高级专家门诊,山东中医药大学附属医院,10.0,2166,擅长：淋巴结肿大、淋巴瘤、淋巴细胞增多、各种贫血和血小...,￥280,暂无排班,https://www.guahao.com/expert/125810147371971000
周密,主任医师,心外科,山东中医药大学附属医院,9.9,635,擅长：心衰的外科治疗，心脏移植，疑难危重冠心病、瓣膜病...,￥80,暂无排班,https://www.guahao.com/expert/befa33e8-a7a0-4d5b-85ef-b83a1c644d64000
许清泉,主任医师,泌尿与碎石中心,山东中医药大学附属医院,10.0,494,擅长：泌尿系腔镜手术，泌尿及男性生殖系统肿瘤（前列腺癌...,￥100,暂无排班,https://www.guahao.com/expert/97aecfb8-c720-11e1-913c-5cf9dd2e7135000
彭慧兰,主任医师,妇产科,山东中医药大学附属医院,10.0,1257,擅长：产科各种合并症、并发症，急危重症的诊治，尤其糖尿...,￥40,￥300,https://www.guahao.com/expert/ede8fbf0-11e6-490f-8e95-de6be042ee33000
连豫苞,主任医师,感染科,山东中医药大学附属医院,10.0,7716,擅长：病毒性肝炎、脂肪肝等各类肝病，发热、呼吸道感染、...,￥30,暂无排班,https://www.guahao.com/expert/6d70928c-dd2b-44cb-8362-4b05b2634459000
苏欣,主任医师,内分泌科门诊,山东中医药大学附属医院,9.9,1324,擅长：糖尿病、肾上腺疾病、甲状腺疾病、性腺及垂体疾病、...,￥30,None,https://www.guahao.com/expert/cf9a1899-94c0-43d5-9643-a4bf79996aae000
笪红英,主任医师,妇女保健科门诊,山东中医药大学附属医院,10.0,756,擅长：中西医结合治疗女性月经失调、产后病、不孕不育、盆...,￥78,￥100,https://www.guahao.com/expert/138716597513472000
徐伏兰,主任医师,妇产科,山东中医药大学附属医院,10.0,10537,擅长：妇科炎症（如阴道炎、宫颈炎、盆腔炎性疾病等）、妇...,￥69,￥300,https://www.guahao.com/expert/95673286-c720-11e1-913c-5cf9dd2e7135000
王林中,主任医师,儿科1室,山东中医药大学附属医院,10.0,13740,擅长：在儿科常见病，多发病的诊断和治疗，如小儿贫血，重...,￥36,￥50,https://www.guahao.com/expert/c595a5e4-ebcd-4da6-9cf0-42962c9bbd8e000
杨晓琳,副主任医师,中医科,山东中医药大学附属医院,10.0,51654,擅长：中西医结合治疗内科杂病，心脑血管系统（冠心病、高...,￥15,None,https://www.guahao.com/expert/64dfc59d-1a0d-4089-8740-538e064db27f000
黄成,主任医师,肝胆肿瘤与肝移植外科,山东中医药大学附属医院,9.9,779,擅长：肝胆良恶性肿瘤、转移性肝癌的外科及综合诊治，微创...,￥150,None,https://www.guahao.com/expert/01b16e22-62de-42eb-9424-9d4910996876000
胡秀芬,主任医师,儿科,山东中医药大学附属医院,9.8,1653,擅长：儿科心血管疾病、风湿免疫性疾病、发热性疾病、呼吸...,￥80,￥100,https://www.guahao.com/expert/9c3ab3e4-bd0f-4165-994e-b771909e076a000
李红梅,主任医师,皮肤科,山东中医药大学附属医院,10.0,320,擅长：诊治特应性皮炎、银屑病、各种儿童过敏性皮肤病、斑...,￥150,None,https://www.guahao.com/expert/958bbaae-c720-11e1-913c-5cf9dd2e7135000
贾伟涛,主任医师,骨科,上海市第六人民医院,9.9,502,擅长：擅长成人严重多发伤救治，四肢、关节周围骨折（骨盆...,￥30,None,https://www.guahao.com/expert/2e1229af-f91b-4605-a90f-e344f89f1f7c000
刘海意,主任医师,产科,上海市第六人民医院,9.9,757,擅长：围产期急危重症救治（如凶险性前置胎盘、子痫前期、...,￥88,暂无排班,https://www.guahao.com/expert/e68b8a48-4096-47f8-88af-95a9d987712a000
徐庆年,主任医师,感染科,上海市第六人民医院,10.0,4245,擅长：新型冠状病毒感染，慢性病毒性肝炎（乙型，丙型），...,￥159,￥200,https://www.guahao.com/expert/f1ef913a-9fee-4baa-bfa7-f0baf18e821a000
邓莹,主治医师,小儿科,上海市第六人民医院,10.0,830,擅长：高危儿随访，生长监测(矮小，性早熟)，牛奶蛋白过...,￥20,None,https://www.guahao.com/expert/6d38634f-8d2b-4f92-9638-57c9fba085a0000
谢志海,主任医师,耳鼻咽喉科,上海市第六人民医院,9.3,309,擅长：鼻颅底外科，鼻炎、鼻窦炎、鼻息肉的诊断与治疗，鼻...,￥100,暂无排班,https://www.guahao.com/expert/4cb14e26-e102-43c3-986b-0e6d95a09cb6000
李久宏,主任医师,皮肤科,上海市第六人民医院,9.9,132,擅长：银屑病、痤疮、白癜风、荨麻疹、湿疹、脱发、血管瘤...,￥200,暂无排班,https://www.guahao.com/expert/e9bfa3e2-58f1-46ff-9ae1-a23e19d7af3f000
邹宸,主治医师,眼科,上海市第六人民医院,10.0,7254,擅长：各类眼底疾病及眼外伤的诊治，如各类黄斑病变、糖尿...,￥98,暂无排班,https://www.guahao.com/expert/10e2e1cc-4bf1-4955-9545-8ba3bfb49baf000
付圣灵,副主任医师,胸外科,上海市第六人民医院,10.0,155,擅长：1.小单孔胸腔镜美容切口（长约3cm）微创治疗肺...,￥60,暂无排班,https://www.guahao.com/expert/5f2f7316-c310-4eae-8df1-113931a2b413000
何竑超,副主任医师,泌尿外科门诊,上海市第六人民医院,10.0,1683,擅长：1、泌尿系统肿瘤:聚焦于肾脏肿瘤、肾上腺肿瘤、...,￥99,￥299,https://www.guahao.com/expert/2f52ff76-f0e1-4859-a8d9-5a986c69bdc1000
王志明,副主任医师,内科,上海市第六人民医院,10.0,1016,擅长：恶性实体肿瘤（肺、乳腺、头颈、消化系统、肾癌等）...,￥100,None,https://www.guahao.com/expert/2b85afb4-842b-4d9f-a07d-de9b534c67e4000
李常海,副主任医师,肝胆胰外科,上海市第六人民医院,10.0,18,擅长：各种肝脏肿瘤、肝胆结石、脾功能亢进和胰腺疾病的诊...,￥30,￥100,https://www.guahao.com/expert/1def48b0-a5e9-4a4c-92da-e3891c436ae0000
潘钦托,副主任医师,眼底外科,上海市第六人民医院,10.0,505,擅长：在三甲医院从事眼科工作多年。特别擅长各种疑难眼病...,￥100,￥120,https://www.guahao.com/expert/f307105c-9c8c-4e37-be9e-656597cd9036000
张月,主治医师,口腔预防保健科,上海市第六人民医院,10.0,10141,擅长：临床上主要从事牙体牙髓病的诊断和治疗如龋病，急慢...,￥39,￥49,https://www.guahao.com/expert/f8a00585-1da9-4bcb-9641-f5ef47b2f464000
刘宇洲,副主任医师,手外科,上海市第六人民医院,10.0,33,擅长：臂丛神经损伤修复，周围神经损伤或卡压疾病的诊治，...,￥50,暂无排班,https://www.guahao.com/expert/4ab293ee-3fb0-4878-85e9-736b8496a471000
吴峻,主治医师,胸外科,上海市第六人民医院,10.0,879,擅长：胸外科疾病的相关诊疗，尤其擅长肺结节，肺癌，纵隔...,￥149,暂无排班,https://www.guahao.com/expert/bd7c132c-7c5f-4332-a3f5-066d2480305c000
白沙沙,主治医师,儿内科呼吸,上海市第六人民医院,10.0,49,擅长：儿童哮喘和慢性咳嗽，儿童肺炎，呼吸系统感染性疾病,￥88,None,https://www.guahao.com/expert/540bb599-3fbf-4492-9348-b23ec16f5b98000
徐凯,主治医师,妇产科,复旦大学附属中山医院,10.0,1376,擅长：妇科疾病的各类微创治疗，特别擅长各类宫腔镜手术。...,￥30,暂无排班,https://www.guahao.com/expert/78838c5e-316b-4207-8b1d-71a07b94f1d5000
张坤鹏,主治医师,胸外科,复旦大学附属中山医院,10.0,289,擅长：擅长各类肺部、纵隔疾病的诊段和手术治疗，熟练掌握...,￥80,暂无排班,https://www.guahao.com/expert/7b9b48f4-9e15-4f8a-8423-9f395b67c186000
蔡金培,主治医师,【信河】儿科,复旦大学附属中山医院,10.0,8928,擅长：呼吸系统疾病：包括上呼吸道感染、扁桃体炎、喉炎...,￥49,￥49,https://www.guahao.com/expert/a99e6843-a2f7-486c-8fa7-59d3eb9f8aaf000
罗荣奎,主治医师,病理科,复旦大学附属中山医院,10.0,296,擅长：胃癌，肠癌，消化道早癌，甲状腺癌，乳腺癌，肺癌，...,￥88,￥99,https://www.guahao.com/expert/e3327486-19d8-4b48-8fd6-c475905b4f83000
李贲,副主任医师,肝病中心,复旦大学附属中山医院,10.0,400,擅长：2005年毕业后一直在北京地坛医院工作。主要从事...,￥45,None,https://www.guahao.com/expert/00ad9f4e-1184-4510-aa1f-2be1d4ab1829000
王晓龙,副主任医师,乳腺外科,复旦大学附属中山医院,10.0,94,擅长：乳腺外科常见良恶性疾病的诊断和治疗，尤其擅长乳腺...,￥50,￥90,https://www.guahao.com/expert/3a9d227e-e7bb-4454-b069-9d8f739711b8000
吕越昌,主治医师,疼痛科,复旦大学附属中山医院,10.0,26,擅长：肿瘤相关疼痛的药物治疗和手术治疗，颈肩腰腿痛、带...,￥20,None,https://www.guahao.com/expert/127c4c8c-1217-4208-80dd-d01d16c0f115000
温顺祝,主治医师,血液内科,复旦大学附属中山医院,10.0,13006,擅长：内科常见疾病，如感冒，高血压，糖尿病等，血液内科...,￥20,暂无排班,https://www.guahao.com/expert/1978c1ff-f498-49e8-a71c-d8a68a1274df000
杨雪,主治医师,血液科,复旦大学附属中山医院,10.0,20,擅长：缺铁性贫血/地中海贫血/溶血性贫血/肿瘤相关贫血...,￥66,None,https://www.guahao.com/expert/bf8ac05e-a552-446d-94e7-5f17cfbca1f2000
李明,副主任医师,消化内科,复旦大学附属中山医院,10.0,193,擅长：功能性胃肠病、萎缩性胃炎、幽门螺杆菌感染，消化性...,￥39,￥100,https://www.guahao.com/expert/da16ecd4-a219-4ec5-bf2a-d550ff8f0fb6000
黄剑峰,副主任医师,呼吸科,复旦大学附属中山医院,10.0,6053,擅长：黄剑峰副主任医师擅长小儿呼吸系统疾病诊治。擅...,￥499,￥888,https://www.guahao.com/expert/082a9866-94ac-4fbd-8829-39d4a1e7dab2000
张峰,主任医师,精神科,复旦大学附属中山医院,10.0,7158,擅长：抑郁症、焦虑症，睡眠障碍、双相障碍、精神分裂症、...,￥49,￥299,https://www.guahao.com/expert/f2b8f866-aec7-46dc-a334-94f75bf9f3a3000
高巧娣,副主任医师,内科门诊,复旦大学附属中山医院,9.7,2122,擅长：儿内科常见病、多发病（呼吸道、消化道、泌尿道感染...,￥200,None,https://www.guahao.com/expert/963335aa-7f61-4169-b432-32777805a890000
卓秀伟,副主任医师,神经内科,复旦大学附属中山医院,10.0,1662,擅长：各种小儿神经系统常见病、多发病及部分疑难杂症。如...,￥188,暂无排班,https://www.guahao.com/expert/bc5dad3f-84da-4ffc-b4c7-53b1aa05f16c000
万方,主治医师,运动医学,复旦大学附属中山医院,9.9,418,擅长：四肢关节疼痛、活动障碍的诊治肩、膝、肘、踝、髋关...,￥188,￥399,https://www.guahao.com/expert/bfd56187-ba91-484d-8faf-13039ad5e571000
王建承,主任医师,外科,复旦大学附属中山医院,9.8,404,擅长：胆胰系统的良、恶性病变的外科手术治疗，包括胰腺癌...,￥30,None,https://www.guahao.com/expert/26ead3bd-580a-4633-a1dc-98d948771411000
童博玎,主治医师,眼科门诊,中南大学湘雅二医院,10.0,869,"擅长：眼眶整形,特别是在甲状腺眼病，眼眶骨折，眼眶肿瘤...",￥20,None,https://www.guahao.com/expert/9c30ffb0-d83d-424c-a59d-27b55736b2ba000
王西樵,副主任医师,门诊烧伤整形,中南大学湘雅二医院,9.9,583,擅长：1擅长小儿（儿童）烧伤。2擅长深度烧伤、创...,￥300,￥400,https://www.guahao.com/expert/f58f438e-cbdb-4703-a645-1ca3e41b796d000
张争,主任医师,泌尿外科,中南大学湘雅二医院,10.0,3834,擅长：1.前列腺癌、膀胱癌、肾癌、肾上腺肿瘤复杂病例的...,￥800,￥2000,https://www.guahao.com/expert/335cb2d2-017d-4594-b285-4c3d6dc6f198000
赵璐,主治医师,甲状腺乳腺外科,中南大学湘雅二医院,10.0,1184,擅长：甲状腺乳腺外科相关疾病,￥30,None,https://www.guahao.com/expert/29d1247b-cc9b-4480-a520-6e87d36d0afb000
王英俊,主治医师,产科,中南大学湘雅二医院,10.0,612,擅长：产科疾病的诊治，产科合并疾病，妊娠期高血压、妊娠...,￥29,None,https://www.guahao.com/expert/22678469-b846-4752-a51a-8fcd706edc90000
程怀瑾,主任医师,泌尿男科,中南大学湘雅二医院,9.9,4115,"擅长：男性不育,勃起功能障碍，男性性功能障碍,泌尿外科...",￥120,￥200,https://www.guahao.com/expert/360e7957-72c1-4229-ba02-50ac58b3a107000
顾方明,主任医师,肝胆外科,中南大学湘雅二医院,10.0,2922,擅长：肝胆胰脾疾病的外科治疗以腹腔镜微创治疗。,￥120,￥120,https://www.guahao.com/expert/d078388c-063b-4e95-8a67-153192511e37000
吴庆华,主任医师,遗传产前诊断,中南大学湘雅二医院,10.0,899,擅长：单基因遗传病的基因诊断和产前诊断；染色体病的诊断...,￥75,暂无排班,https://www.guahao.com/expert/b81d7b88-805e-4799-9e71-0e97519c7c20000
郑贵亮,主任医师,耳鼻咽喉头颈外科,中南大学湘雅二医院,10.0,1208,擅长：外耳及中耳显微手术：副耳、耳前瘘管、外耳道胆脂瘤...,￥59,None,https://www.guahao.com/expert/fe510737-b373-4126-8d3c-2724020dee61000
赵树新,主任医师,内分泌科,中南大学湘雅二医院,10.0,3208,擅长：糖尿病和糖尿病并发症，痛风，高血压，甲状腺疾病,￥48,￥80,https://www.guahao.com/expert/da9f3ab8-57ce-4c9d-ae85-50e9b5d49648000
袁一飞,副主任医师,眼科,中南大学湘雅二医院,9.9,3975,擅长：泪道疾病、义眼植入、结膜囊再造、眼眶骨折、眼眶异...,￥150,￥200,https://www.guahao.com/expert/00ea0d68-ab0a-4ab2-a782-35f7d399ea28000
赵宇清,主任医师,(杨)妇科特需门诊B,中南大学湘雅二医院,9.9,3057,擅长：宫颈癌、内膜癌、卵巢肿瘤（卵巢癌、交界性卵巢肿瘤...,￥180,￥300,https://www.guahao.com/expert/990bd04b-f5f5-4d48-9ae3-89fcc78e7bbf000
戴进,主任医师,骨科专科(园),中南大学湘雅二医院,10.0,1118,擅长：0-18岁儿童骨科疾病，儿童骨折的微创治疗，儿童...,￥50,￥100,https://www.guahao.com/expert/142615311678936000
曹卫,主任医师,核医学,中南大学湘雅二医院,9.9,2110,擅长：甲状腺癌、甲亢、肿瘤骨转移治疗、瘢痕疙瘩、血管瘤...,￥150,￥200,https://www.guahao.com/expert/aad6d96d-7296-4788-a754-ff89ba3c679e000
韩文文,主任医师,小儿泌尿外科,中南大学湘雅二医院,10.0,154,擅长：泌尿系畸形，包括尿道下裂，性别畸形，肾盂输尿管交...,￥180,暂无排班,https://www.guahao.com/expert/0cfa821a-a8b4-4fec-8a15-3ac90aea8a7f000
王小钦,主任医师,血液科,中南大学湘雅二医院,9.8,679,擅长：血液系统各种疾病，特别是各种类型贫血的诊断和治疗...,￥200,￥300,https://www.guahao.com/expert/126708638623152000
陆征宇,主任医师,神经内科,上海中医药大学附属曙光医院西院,10.0,357,擅长：中西医结合治疗失眠、头晕、脑供血不足、记忆力减退...,￥198,￥598,https://www.guahao.com/expert/0a05b5f5-c1f2-4503-b595-47f90d0a2af9000
武开宏,主任医师,心胸外科门诊（广州路）,上海中医药大学附属曙光医院西院,10.0,2170,擅长：先天性心脏病的外科治疗先天性心脏病的微创封堵各种...,￥120,￥150,https://www.guahao.com/expert/FEC007C4F2591EF0E040A8C00F012C86000
李炯,主任医师,肝胆外科（普外科）,上海中医药大学附属曙光医院西院,9.9,558,擅长：中西医结合治疗胆、胰、胃肠疾病,￥50,暂无排班,https://www.guahao.com/expert/868b855d-a994-4249-b398-5a018128f5c4000
车荣华,主任医师,产科,上海中医药大学附属曙光医院西院,10.0,161,擅长：产科相关疾病如流产、早产、各种妊娠期并发症等诊治...,￥120,None,https://www.guahao.com/expert/f282b433-4503-4206-b19d-0d086862cf8c000
张方,主任医师,呼吸科,上海中医药大学附属曙光医院西院,10.0,663,擅长：肺部感染性疾病的诊治、气管镜技术及镜下治疗。,￥30,None,https://www.guahao.com/expert/6a473a39-dedd-458d-bcde-f66542a6d5f7000
吴磊,主任医师,滨江神经内科门诊,上海中医药大学附属曙光医院西院,10.0,782,擅长：神经系统免疫性疾病如视神经脊髓炎、多发性硬化、重...,￥100,￥200,https://www.guahao.com/expert/adb78765-8cc4-43e5-a9f5-e4ca308b4968000
姜莉铖,主任医师,口腔科,上海中医药大学附属曙光医院西院,10.0,43,擅长：擅长舌系带过短、黏液腺囊肿、龋病、地图舌、口腔白...,￥29,￥50,https://www.guahao.com/expert/9757a381-c720-11e1-913c-5cf9dd2e7135000
杜庆玮,主任医师,内科,上海中医药大学附属曙光医院西院,10.0,701,擅长：长期就诊各种肝脏疾病和感染性疾病，如慢性乙肝、丙...,￥50,None,https://www.guahao.com/expert/8c8f3e8a-6d15-4da5-9599-90c90baebcd5000
周长银,主任医师,妇三科,上海中医药大学附属曙光医院西院,10.0,283,擅长：熟练诊治妇科常见病，多发病。对于妇科良性、恶性肿...,￥20,￥100,https://www.guahao.com/expert/f3096916-6f52-4299-bd2e-3e8f926273a9000
高峰,主任医师,内分泌科(普),上海中医药大学附属曙光医院西院,10.0,4750,擅长：身材矮小症、肥胖症、肥胖型糖尿病、甲状腺疾病等,未开通,￥2000,https://www.guahao.com/expert/ef9a5573-8c8e-4da8-95e0-8e8ade16b9a7000
张成海,主任医师,胃肠肿瘤外科,上海中医药大学附属曙光医院西院,10.0,1083,擅长：胃肠道肿瘤（胃癌、结直肠癌、胃肠道间质瘤）以手术...,￥100,￥500,https://www.guahao.com/expert/f959e4d1-28cb-4ce5-8283-b791d744c66c000
潘文麒,主任医师,门诊心脏,上海中医药大学附属曙光医院西院,9.7,778,擅长：心律失常、高血压、血脂异常，颈动脉斑块，房颤及心...,￥108,暂无排班,https://www.guahao.com/expert/45514c3c-3c07-47d9-aaf5-1c276b92e2ba000
陈雁西,主任医师,骨科高级专家门诊,上海中医药大学附属曙光医院西院,10.0,799,擅长：各类复杂骨与关节创伤、骨不连的诊治；足踝部骨折、...,￥260,None,https://www.guahao.com/expert/91a0d597-f456-40a9-a973-bbeccf520e59000
陈允钦,副主任医师,心内科,上海中医药大学附属曙光医院西院,10.0,2271,擅长：调脂抗斑块，冠心病防治，中西医结合治疗,￥150,None,https://www.guahao.com/expert/5fd01c1f-16e4-400b-bd12-b048b1a4ceef000
宋正宇,主任医师,眼科,上海中医药大学附属曙光医院西院,10.0,5090,擅长：治疗视网膜脱离、糖尿病视网膜病变、黄斑疾病、玻璃...,￥80,￥120,https://www.guahao.com/expert/8c4847dd-0745-40db-9a4e-e1eba1f28a3a000
吴奉梁,主任医师,骨科门诊,上海中医药大学附属曙光医院西院,9.9,143,擅长：专业：脊柱外科。研究方向：脊柱微创技术的临床应用...,￥200,￥500,https://www.guahao.com/expert/dd410942-24b7-4828-9e61-c3ca852876d9000
张鸿燕,主任医师,精神科,北京大学第六医院,10.0,1624,擅长：焦虑症、抑郁症、精神分裂症、睡眠障碍及成年人精神...,￥300,￥500,https://www.guahao.com/expert/1ec6cf3d-f86b-4054-a39c-4ebcd4890399000
张燕,主任医师,肛肠外科,北京大学第六医院,10.0,8752,擅长：结直肠肿瘤、胃及十二指肠肿瘤、消化性溃疡、炎性肠...,￥30,￥60,https://www.guahao.com/expert/95a4fd01-c720-11e1-913c-5cf9dd2e7135000
李征宇,主任医师,妇科,北京大学第六医院,10.0,2743,擅长：妇科各类良恶性疾病子宫肌瘤卵巢囊肿妇科恶性...,￥120,￥500,https://www.guahao.com/expert/96eb4d5a-c720-11e1-913c-5cf9dd2e7135000
杨小华,主任医师,肝胆胰外科,北京大学第六医院,10.0,550,擅长：胆囊结石，胆总管结石，肝内外胆管结石，肝脏胆道系...,￥60,暂无排班,https://www.guahao.com/expert/6a8a3e93-2f44-4402-8aa5-5088aa86b224000
何建蓉,副主任医师,门诊乳腺疾病诊治中心,北京大学第六医院,9.8,767,擅长：各种乳腺疾病的诊治，乳腺癌的手术，尤其保乳、整形...,￥498,￥800,https://www.guahao.com/expert/6933d4df-0b36-436c-86f0-8bdc8e1aa687000
李伟,副主任医师,产科,北京大学第六医院,10.0,518,擅长：产科常见及疑难疾病，孕期营养及体重管理，高危妊娠...,未开通,￥150,https://www.guahao.com/expert/dcdd9f7e-ad21-49ab-9ced-11bcc5c327c9000
赵趣鸣,副主任医师,心内科,北京大学第六医院,10.0,172,擅长：儿童心血管疾病的诊治。如先天性心脏病的介入治疗，...,￥150,None,https://www.guahao.com/expert/fb6ef6cf-8fdc-4324-971c-0f3d4342bffc000
王伟珅,副主任医师,普外科,北京大学第六医院,10.0,87,擅长：胰腺癌，胰腺肿瘤，胰腺炎等胰腺相关疾病的手术综合...,￥20,￥200,https://www.guahao.com/expert/c7f9fa66-26c5-46b7-a4f4-447e6788ea9c000
张超,副主任医师,骨软肿瘤门诊,北京大学第六医院,10.0,92,擅长：擅长四肢、躯干、腹膜后等部位高级别软组织肉瘤的外...,￥30,暂无排班,https://www.guahao.com/expert/354ca71e-e980-4f93-97ae-70093cd3bb00000
董慧茜,主治医师,心理卫生中心,北京大学第六医院,10.0,2399,擅长：医学博士，硕士研究生导师，擅长精神分裂症、双相障...,￥300,￥500,https://www.guahao.com/expert/1e19bfab-7c87-4bf3-bb37-a2a1de2ec0fc000
杨帏,住院医师,肿瘤内科,北京大学第六医院,10.0,142,擅长：肿瘤内科疾病诊治，主攻乳腺癌，泌尿系统肿瘤如输尿...,￥49,￥100,https://www.guahao.com/expert/da333c46-d21d-40f1-9057-093057614b39000
张滋洋,副主任医师,骨科,北京大学第六医院,9.9,65,擅长：四肢各种严重外伤及骨折的治疗，骨折合并血管、神经...,￥80,None,https://www.guahao.com/expert/dfd6945d-c35d-43fc-8a08-ffb51b963f5c000
董伟,副主任医师,头颈肿瘤放疗,北京大学第六医院,10.0,95,擅长：各种头颈部肿瘤和神经系统肿瘤的治疗,￥20,暂无排班,https://www.guahao.com/expert/cc3096d3-f559-4fad-b813-832266be7b5f000
王亮君,主治医师,新生儿科,北京大学第六医院,10.0,114,擅长：医学硕士，2010年毕业于上海交通大学医学院。毕...,￥60,None,https://www.guahao.com/expert/9f089d9a-d320-4a20-a4c8-86510bec10be000
张宁,副主任医师,泌尿外科,北京大学第六医院,10.0,1008,擅长：泌尿男科、泌尿肿瘤的微创及综合诊治,￥99,￥159,https://www.guahao.com/expert/affbb5b5-753b-479e-8c93-a2b9a265620e000
王垚,副主任医师,心血管内科门诊,北京大学第六医院,10.0,96,擅长：擅长各种快速性心律失常如室上速、室性早搏、室性心...,￥39,None,https://www.guahao.com/expert/008de38a-3cc5-4f5e-b32f-ec8031c2f4f3000
常鑫,主治医师,烧伤三科,哈尔滨市第五医院,,2,擅长：糖尿病足的保肢治疗。褥疮（臀部、髋部等部位的压力...,￥30,暂无排班,https://www.guahao.com/expert/5a718e1c-2c67-451b-bfd5-89c555cb3494000
罗明,主任医师,心血管科,哈尔滨市第五医院,9.9,1560,擅长：高血压、冠心病、心力衰竭，各种心律失常包括早搏，...,￥120,￥160,https://www.guahao.com/expert/3c0e5baa-d829-43ed-bd77-6e1c486a02d5000
杜惠敏,副主任医师,儿内科,哈尔滨市第五医院,9.4,583,擅长：在发热待查、EB病毒感染、肝功能不全、腹痛，、腹...,￥200,None,https://www.guahao.com/expert/f029fc32-8393-4c01-8b0d-671d11a60251000
朱俊娟,副主任医师,成人心理咨询、焦虑专病,哈尔滨市第五医院,10.0,567,擅长：抑郁症、双相障碍、焦虑症及精神分裂症、注意缺陷与...,￥400,￥1000,https://www.guahao.com/expert/d22a416c-5cd3-430f-a8bf-3783e167287a000
石治宇,主治医师,心血管内科诊室,哈尔滨市第五医院,10.0,11194,擅长：心血管内科诊室类常见疾病,￥10,None,https://www.guahao.com/expert/075ab726-0ee8-4d65-a01a-f3446dbc1a41000
高杰,副主任医师,感染病科,哈尔滨市第五医院,10.0,1556,擅长：肺炎，HIV.狂犬病，慢性乙肝、丙肝、肝硬化腹水...,￥25,None,https://www.guahao.com/expert/3039e7ea-7d4e-4225-9cb3-7a58932e66b5000
吴琴姣,副主任医师,(杨)妇科特需门诊B,哈尔滨市第五医院,10.0,18718,擅长：不孕不育、月经失调、子宫肌瘤、卵巢囊肿、内异症、...,￥120,￥300,https://www.guahao.com/expert/5cbdf72f-bf01-4337-8c8c-27f17ea73cb8000
项涛,副主任医师,妇科,哈尔滨市第五医院,9.9,5032,擅长：诊治妇科良性肿瘤如卵巢囊肿、子宫肌瘤、子宫内膜息...,￥50,￥150,https://www.guahao.com/expert/320eb4d2-de15-463b-82e1-380bea3ccbe0000
全俊,主任医师,感染病科,哈尔滨市第五医院,9.9,1327,擅长：乙肝，丙肝及各种肝硬化，不明原因肝功能异常，脂...,￥100,暂无排班,https://www.guahao.com/expert/28f3e918-895f-4f2c-914b-2ff2937ada81000
康林英,副主任医师,(黄)介入科专家门诊B,哈尔滨市第五医院,9.7,2860,擅长：输卵管引起的不孕症的诊断和治疗。,￥150,暂无排班,https://www.guahao.com/expert/132299002157344000
方微园,副主任医师,内科感染科,哈尔滨市第五医院,9.9,620,擅长：儿童各种肝病，胆汁淤积症，代谢性肝病，儿童感染性...,￥108,暂无排班,https://www.guahao.com/expert/adb8e813-e7be-42bc-aff5-69a0a74ae7e6000
谢红霞,主任医师,全科,哈尔滨市第五医院,10.0,18206,擅长：小儿呼吸系统，消化系统，感染性疾病，支气管哮喘，...,￥20,￥50,https://www.guahao.com/expert/f2305d86-74c7-407a-9070-6b008ec396db000
耿卫国,副主任医师,心身科,哈尔滨市第五医院,10.0,9359,擅长：抑郁症、焦虑症、睡眠障碍及躯体形式障碍。,￥50,暂无排班,https://www.guahao.com/expert/9746e8c0-c720-11e1-913c-5cf9dd2e7135000
邵珲,主治医师,妇科门诊,哈尔滨市第五医院,9.9,110,擅长：子宫内膜异位症，卵巢囊肿，子宫腺肌病，子宫肌瘤，...,￥120,None,https://www.guahao.com/expert/b149f85f-3075-4d12-add5-aeb94d37e41d000
夏军权,主任医师,消化科,哈尔滨市第五医院,9.9,1274,擅长：消化科相关疾病,￥100,￥200,https://www.guahao.com/expert/7f151cf4-b280-4808-bdc4-fe16ecb48bd6000
朱光华,主任医师,（加号预约）肾内科特需,哈尔滨市第五医院,9.7,955,擅长：小儿肾脏疾病的临床和研究。对小儿血尿、肾病综合征...,￥150,None,https://www.guahao.com/expert/53927620-4803-40fb-80cd-a5cef1a5756d000
李向红,主任医师,西海岸小儿内科门诊,青岛大学附属医院黄岛院区,10.0,2044,擅长：主任医师，硕士生导师。青岛市优秀中青年医学专家。...,￥50,￥60,https://www.guahao.com/expert/1c06646a-0181-4aa6-b57b-6c8664598b3f000
刘建秋,主任医师,儿内科,青岛大学附属医院黄岛院区,10.0,3004,"擅长：儿童呼吸系统疾病,如呼吸道感染，轻、重肺炎，胸腔...",￥60,None,https://www.guahao.com/expert/43637b11-f0d1-4cb6-b4fd-d40a92abbeb4000
赵亮,主任医师,胸外科,青岛大学附属医院黄岛院区,10.0,504,擅长：肺癌的微创外科手术及介入消融治疗，尤其是多原发肺...,￥500,￥1000,https://www.guahao.com/expert/96057e0b-1371-4569-b395-e0054465075d000
李洪艳,主任医师,儿科,青岛大学附属医院黄岛院区,10.0,43054,擅长：对儿科常见病、多发病的诊断及治疗，尤其是呼吸系统...,￥13,￥19,https://www.guahao.com/expert/3cb72a98-1335-47f3-b788-6b079dc407f6000
王达辉,主任医师,骨科,青岛大学附属医院黄岛院区,9.9,2614,擅长：肌性斜颈、脊柱侧弯、先天脊柱畸形、半椎体、骨折创...,￥150,None,https://www.guahao.com/expert/6ebc6d6d-6b55-4d57-9d42-ae3a99f1b111000
王智刚,主任医师,呼吸内科,青岛大学附属医院黄岛院区,10.0,3441,擅长：中西医整合治疗呼吸疾病（间质性肺炎、肺纤维化、肺...,￥70,￥150,https://www.guahao.com/expert/138872504251628000
杨叶虹,主任医师,内分泌科,青岛大学附属医院黄岛院区,9.6,140,擅长：糖尿病、肥胖症、代谢综合征及并发症的诊治；代谢性...,￥300,None,https://www.guahao.com/expert/132272141534062000
朱文伟,主任医师,血液科,青岛大学附属医院黄岛院区,10.0,1712,擅长：中医药为主、中西医结合治疗血液系统疾病，包括各种...,￥120,暂无排班,https://www.guahao.com/expert/7f3f86d1-02a7-4923-8486-a08b043cbc5c000
撒应龙,主任医师,泌尿外科,青岛大学附属医院黄岛院区,9.3,130,擅长：泌尿系统结石，肿瘤，感染性疾病。擅长外伤性尿道狭...,￥500,￥500,https://www.guahao.com/expert/a84f76bf-c721-4ec3-a97c-1a5a83bac756000
徐进,主任医师,妇女心理卫生科,青岛大学附属医院黄岛院区,10.0,5854,擅长：1、睡眠与各种睡眠障碍，2、焦虑症、强迫症、恐...,￥50,￥60,https://www.guahao.com/expert/4039d47f-6188-41d7-a2e6-5a3c10146cd5000
郭明高,主任医师,普外科,青岛大学附属医院黄岛院区,9.9,1008,擅长：甲状腺癌及转移病灶穿刺、诊断，甲状腺结节微波消融...,￥60,￥100,https://www.guahao.com/expert/3b534a5e-1443-4f10-86c3-7054f098c8fd000
吕静荣,主任医师,耳鼻咽喉科,青岛大学附属医院黄岛院区,10.0,839,擅长：成人及小儿耳鼻咽喉科疾病诊治，颌下腺、腮腺及甲状...,￥250,None,https://www.guahao.com/expert/ce9a87ce-632d-4c76-ac90-ec0b14991e77000
廖英,主任医师,名专妇科,青岛大学附属医院黄岛院区,9.2,558,擅长：主任医师、教授、医学博士学位，在三级甲等医院从事...,￥69,None,https://www.guahao.com/expert/76d3ca66-b5f8-4505-9da9-65b959f4b1a1000
腊晓琳,主任医师,生殖助孕,青岛大学附属医院黄岛院区,10.0,2184,擅长：孕症的诊断和治疗、各项生殖助孕、习惯性流产的治疗...,￥100,￥100,https://www.guahao.com/expert/342e288c-712e-4b09-b439-dd81b7efb2a0000
郝淑维,主任医师,妇产科,青岛大学附属医院黄岛院区,10.0,328,擅长：妇科肿瘤及常见多发病的诊治，妇科恶性肿瘤的根治性...,￥30,￥200,https://www.guahao.com/expert/95a658b7-c720-11e1-913c-5cf9dd2e7135000
陈震,主任医师,儿科,青岛大学附属医院黄岛院区,10.0,607,擅长：小儿咳嗽，发热，腹痛，腹泻，黄疸等病症治疗。,￥20,None,https://www.guahao.com/expert/8d1f8fc5-6dc8-409d-b0cb-614276d7f8ca000
舒政,主任医师,影像科,上海市中西医结合医院,10.0,28,擅长：CT及MRI影像学诊断，尤其对胸腹部肿瘤及肺结节...,￥200,None,https://www.guahao.com/expert/430a66b0-70be-40fd-9d37-74441210735b000
曹凤玲,主任医师,儿科,上海市中西医结合医院,10.0,1664,擅长：小儿呼吸系统（各种肺炎，反复，慢性咳嗽，喘息，哮...,￥50,￥60,https://www.guahao.com/expert/9769b106-c720-11e1-913c-5cf9dd2e7135000
陆云飞,主任医师,中医科,上海市中西医结合医院,10.0,465,擅长：病毒性肝炎、肝硬化、重型肝炎及相关并发症临床诊治...,￥50,None,https://www.guahao.com/expert/aead4042-9d80-4187-a6e0-658639fd0c0d000
杨宁,主任医师,心血管内科,上海市中西医结合医院,10.0,50,擅长：天津市胸科医院心血管内科副主任医师,￥20,暂无排班,https://www.guahao.com/expert/565781a8-0fa5-4caa-8449-1f92165dc570000
刘子美,主任医师,儿科门诊,上海市中西医结合医院,10.0,5205,擅长：危重症抢救、呼吸、消化、肾脏及内分泌等系统疾病的...,￥45,￥69,https://www.guahao.com/expert/958770bd-c720-11e1-913c-5cf9dd2e7135000
郭蛟,副主任中医师,皮肤科,上海市中西医结合医院,10.0,15716,擅长：于中西医结合治疗痤疮、荨麻疹、湿疹、颜面部皮炎等...,￥35,￥60,https://www.guahao.com/expert/5b323736-cfb7-4b3a-a1e4-ef816d848b1a000
王维,副主任医师,神经外科,上海市中西医结合医院,10.0,1389,擅长：内镜辅助脑出血清除术、脑干血肿清除术、三叉神经痛...,￥40,￥100,https://www.guahao.com/expert/e06f0873-07a3-48d3-b159-69f895d97b43000
袁伟,副主任医师,骨科,上海市中西医结合医院,10.0,9274,擅长：从事骨科临床医疗工作，对创伤骨科、脊柱外科、关节...,￥39,￥50,https://www.guahao.com/expert/eacbae07-a73e-4b42-bbba-d2f412135779000
汪德海,主任医师,眼科,上海市中西医结合医院,10.0,3565,擅长：白内障超声乳化准分子治疗近视眼，斜弱视,￥38,￥58,https://www.guahao.com/expert/d85454e3-1fed-48e7-84b3-db8c6781c9e1000
刘子龙,副主任医师,呼吸内科,上海市中西医结合医院,9.9,532,擅长：肺癌的内科综合治疗，包括化疗、靶向、免疫治疗、新...,￥200,暂无排班,https://www.guahao.com/expert/fb117c98-7368-43a1-aa41-ec528266dd35000
孙觊,主治医师,小儿神经内科,上海市中西医结合医院,10.0,1999,擅长：小儿癫痫，睡眠障碍，抽动症，注意力缺陷多动障碍，...,￥50,None,https://www.guahao.com/expert/f3587f51-f90c-4681-becf-1909f7eb8de2000
刘松,主任医师,呼吸内科,上海市中西医结合医院,10.0,521,擅长：呼吸内科常见及少见疾病的诊疗，包括肺癌的诊疗，呼...,￥280,暂无排班,https://www.guahao.com/expert/16dc2109-3eb1-4044-84ad-4ca27263b48f000
刘寒,副主任医师,普外科,上海市中西医结合医院,9.7,120,擅长：胆道恶性肿瘤：肝门部胆管癌，肝内胆管良恶性肿瘤，...,￥300,None,https://www.guahao.com/expert/fee5263e-a54e-433a-90a3-cd8ff019b0da000
徐金华,主任医师,皮肤科,上海市中西医结合医院,8.6,715,擅长：湿疹、荨麻疹、特应性皮炎等过敏性皮肤病，白癜风、...,￥600,None,https://www.guahao.com/expert/125655403377295000
卢实,主任医师,妇产科专家,上海市中西医结合医院,9.9,1201,擅长：不孕不育、月经失调、多囊卵巢、试管婴儿、巧克力囊...,￥48,暂无排班,https://www.guahao.com/expert/a476a782-ad11-44b4-bf9d-3024de359a61000
张松菁,主任医师,内分泌科,上海市中西医结合医院,10.0,528,擅长：骨质疏松症、糖尿病、甲状腺疾病、生长发育等内分泌...,￥50,None,https://www.guahao.com/expert/97780292-c720-11e1-913c-5cf9dd2e7135000
程涛,副主任医师,骨科,上海市第六人民医院,10.0,1685,擅长：1）股骨头坏死，成年髋关节发育不良，创伤性髋关节...,￥90,None,https://www.guahao.com/expert/029b5404-55ab-4471-abfb-f0dd08c24e8d000
张炯,副主任医师,风湿免疫科,上海市第六人民医院,9.7,1186,擅长：皮肌炎（尤其是皮疹及并发症的控制）、红斑狼疮（包...,￥300,￥300,https://www.guahao.com/expert/afb026d0-a7cc-4e00-b339-3c888fd7ca40000
杨姗,副主任医师,放射诊断科,上海市第六人民医院,10.0,109,擅长：胸部影像及心血管疾病诊治,￥100,None,https://www.guahao.com/expert/0175a075-20ba-4af2-89b3-37c84ce6901e000
杨栋,副主任医师,血管甲状腺,上海市第六人民医院,10.0,1830,擅长：甲状腺及甲状旁腺疾病的诊治，尤其是甲状腺疾病的微...,￥60,￥100,https://www.guahao.com/expert/ce8cbada-ac79-4fcc-a94c-35694a2341e3000
姜敏,副主任医师,皮肤科,上海市第六人民医院,10.0,317,擅长：美容相关皮肤病（如白癜风、痤疮），过敏/炎症性皮...,￥200,None,https://www.guahao.com/expert/6e8c0471-04bd-4261-9dfd-a3626621f901000
芮璐,副主任医师,心外科,上海市第六人民医院,10.0,86,擅长：1.房缺，室缺，动脉导管未闭，肺动脉瓣狭窄，部分...,￥59,暂无排班,https://www.guahao.com/expert/c077f4fe-3202-4ec1-b70b-223de52ec558000
胡捷,副主任医师,肝胆肿瘤与肝移植外科,上海市第六人民医院,10.0,406,擅长：肝癌（肝细胞癌、胆管细胞癌）外科为中心的综合治疗...,￥60,暂无排班,https://www.guahao.com/expert/e6344312-e75e-4127-9d1b-5c55cbf2b4e4000
谭容容,副主任医师,妇女保健科门诊,上海市第六人民医院,10.0,657,擅长：月经相关疾病（闭经、异常子宫出血、多囊卵巢综合征...,￥60,暂无排班,https://www.guahao.com/expert/d3df1283-e2ab-482f-922f-224ef66dafe9000
刘刚,主治医师,小儿眼科,上海市第六人民医院,10.0,258,擅长：斜弱视及小儿眼科，尤其擅长各种斜视的手术治疗，手...,￥200,None,https://www.guahao.com/expert/e632438c-33f9-4814-8770-32c74d425ba8000
赵苇苇,副主任医师,综合治疗科,上海市第六人民医院,10.0,1774,擅长：中晚期恶性肿瘤的综合治疗；癌痛、胸水/腹水、腹泻...,￥200,￥498,https://www.guahao.com/expert/e7b0941b-5239-4c6e-9bce-fc79407c52b3000
曾聪,主治医师,心血管内科,上海市第六人民医院,10.0,137,擅长：高血压，高脂血症，三高，动脉粥样硬化，房性早搏，...,￥39,暂无排班,https://www.guahao.com/expert/21701f37-2ce7-4f43-9fab-b7c7f59b6db5000
王成美,副主任医师,血液内科,上海市第六人民医院,10.0,17011,擅长：各种贫血、急慢性白血病及多发性骨髓瘤诊断与治疗、...,￥20,￥30,https://www.guahao.com/expert/960752e2-c720-11e1-913c-5cf9dd2e7135000
王晴,主治医师,精神科,上海市第六人民医院,10.0,922,擅长：抑郁症，焦虑症，精神分裂症的诊治，双向情感障碍，...,￥49,None,https://www.guahao.com/expert/0cfb0991-df34-416e-aef0-e1ef31f955c8000
郑万仁,主治医师,妇科,上海市第六人民医院,10.0,92,擅长：计划生育科疾病：宫外孕、子宫角妊娠、剖宫产瘢痕妊...,￥50,￥50,https://www.guahao.com/expert/765495d0-f92c-4839-adaa-086c9343b59c000
高勇,主治中医师,中医内科,上海市第六人民医院,10.0,1458,擅长：颈肩腰腿痛，流行性感冒，月经不调，阳痿早泄，脾胃...,￥30,￥100,https://www.guahao.com/expert/8084cb3e-131d-4724-972c-b1e6d762908c000
周志强,主治医师,儿科,上海市第六人民医院,10.0,2064,擅长：擅长儿童常见病、多发病的诊治，如儿童发热、咳嗽、...,￥20,暂无排班,https://www.guahao.com/expert/1a4ec51a-40aa-4817-a5bb-ae620c12a122000
